"Identifier"	"Sku"	"EanCode"	"Manufacturer"	"Name"	"Category"	"ProductUrl"	"Price"	"NetPrice"	"ImageUrl"	"Description"	"DeliveryTime"	"DeliveryCost"	"Garancia"	"FreeDelivery"	"BasketDisabled"	"Attributes"
"cube-804200-L-2025"	"804200"	"4054571455444"	"CUBE"	"CUBE AMS HYBRID ONE44 C:68X TM 400X 29 SWAMPGREY´N´PURPLEREFLEX - 2025 - ÖSSZTELESZKÓPOS MTB ELEKTROMOS KERÉKPÁR - L"	"Termékkategóriák > E-BIKE > Összteleszkópos E-BIKE"	"https://speedbike.hu/cube-ams-hybrid-one44-c68x-tm-400x-29-swampgreynpurplereflex-2025-osszteleszkopos-mtb-elektromos-kerekpar-l?utm_source=arukereso&utm_medium=cpp&utm_campaign=direct_link"	"2465991"	"1941725"	"https://speedbike2.cdn.shoprenter.hu/custom/speedbike2/image/cache/w1024h1024m00q100/product/cube2025/804200.jpg?v=1727363721"	"<p>Nem könnyű megépíteni egy ultrakönnyű Bosch-motoros teljes felfüggesztésű kerékpárt. Ez az oka annak, hogy az AMS Hybrid ONE44 C:68X váz a legfejlettebb C:68X® karbon anyagunkat használja a lehető legnagyobb szilárdság és merevség érdeké …(trimmed for fixture)"	""	"9990"	""	"0"	"1"	"<attribute><attribute_name>frame</attribute_name><attribute_value>C:68X® Monocoque Advanced Twin Mold Technology, Effiecient Trail Control, FSP 4-Link, Agile Trail Geometry, Boost 148, UDH™, Fixed Integrated Battery, Advanced Internal Cable Routing </attribute_value></attribute> <attribute><attribute_name>color</attribute_name><attribute_value>swampgrey´n´purplereflex </attribute_value></attribute> <attribute><attribute_name>size</attribute_name><attribute_value>L </attribute_value></attribute> <attribute><attribute_name>fork</attribute_name><attribute_value>Fox 36 Float Performance GRIP, 3-Position w/ Micro Adjust, Tapered, 15x110mm, 140mm </attribute_value></attribute> <attribute><attribute_name>shock</attribute_name><attribute_value>Fox Float X Performance, 210x55mm, Adjustable LSR w/ 2-Pos- Lever </attribute_value></attribute> <attribute><attribute_name>shock hardware</attribute_name><attribute_value>Front: 30x8mm, Rear: DU-Bushing 12,7mm </attribute_value></attribute> <attribute><attribute_name>headset</attribute_name><attribute_value>ACROS AZF-675, ICR (Integrated Cable Routing), Top Zero-Stack 1 1/2\" (ZS 56mm), Bottom Zero-Stack 1 1/2\" (ZS 56mm), Fiber Inserts for Angle Adjustment </attribute_value></attribute> <attribute><attribute_name>stem</attribute_name><attribute_value>Newmen Evolution SL 318.4, 31.8mm </attribute_value></attribute> <attribute><attribute_name>handlebar</attribute_name><attribute_value>Newmen Evolution SL 318.25, 780mm </attribute_value></attribute> <attribute><attribute_name>grips</attribute_name><attribute_value>ACID Disrupt, Soft Compound </attribute_value></attribute> <attribute><attribute_name>rear derailleur</attribute_name><attribute_value>Sram GX Eagle AXS™ Transmission, 12-Speed </attribute_value></attribute> <attribute><attribute_name>chain guide</attribute_name><attribute_value>Reverse Flip-Guide E-Chain Guide, Direct Mount, I-Plate </attribute_value></attribute> <attribute><attribute_name>shifters</attribute_name><attribute_value>Sram AXS™ Pod Ultimate Controller </attribute_value></attribute> <attribute><attribute_name>brake</attribute_name><attribute_value>Magura MT7, Hydr. Disc Brake (203/180) </attribute_value></attribute> <attribute><attribute_name>crankset</attribute_name><attribute_value>e*thirteen Helix Race Alloy e*spec Crank, 32T </attribute_value></attribute> <attribute><attribute_name>cassette</attribute_name><attribute_value>Sram XS-1275, 10-52T </attribute_value></attribute> <attribute><attribute_name>chain</attribute_name><attribute_value>Sram GX Eagle™ Transmission </attribute_value></attribute> <attribute><attribute_name>wheelset</attribute_name><attribute_value>Newmen Evolution SL E.G. 30, 28/28 Spokes, 15x110mm/12x148mm, Tubeless Ready </attribute_value></attribute> <attribute><attribute_name>front tire</attribute_name><attribute_value>Schwalbe Magic Mary, Super Trail, Addix Soft, Kevlar, 2.4 </attribute_value></attribute> <attribute><attribute_name>rear tire</attribute_name><attribute_value>Schwalbe Nobby Nic, Super Trail, Addix Soft, Kevlar, 2.4 </attribute_value></attribute> <attribute><attribute_name>saddle</attribute_name><attribute_value>Natural Fit Nuance SL </attribute_value></attribute> <attribute><attribute_name>seat post</attribute_name><attribute_value>CUBE Dropper Post, Handlebar Lever, Internal Cable Routing, 31.6mm </attribute_value></attribute> <attribute><attribute_name>seat clamp</attribute_name><attribute_value>CUBE Screwlock, 34.9mm </attribute_value></attribute> <attribute><attribute_name>engine</attribute_name><attribute_value>Bosch Drive Unit Performance SX (55Nm) Cruise (250 Watt), Smart System </attribute_value></attribute> <attribute><attribute_name>battery</attribute_name><attribute_value>Bosch CompactTube 400 </attribute_value></attribute> <attribute><attribute_name>charger</attribute_name><attribute_value>Bosch 4A </attribute_value></attribute> <attribute><attribute_name>remote</attribute_name><attribute_value>Bosch System Control, incl. Mini Remote </attribute_value></attribute> <attribute><attribute_name>weight</attribute_name><attribute_value>18,4 kg</attribute_value></attribute>"
"cube-804200-XL-2025"	"804200"	"4054571455451"	"CUBE"	"CUBE AMS HYBRID ONE44 C:68X TM 400X 29 SWAMPGREY´N´PURPLEREFLEX - 2025 - ÖSSZTELESZKÓPOS MTB ELEKTROMOS KERÉKPÁR - XL"	"Termékkategóriák > E-BIKE > Összteleszkópos E-BIKE"	"https://speedbike.hu/cube-ams-hybrid-one44-c68x-tm-400x-29-swampgreynpurplereflex-2025-osszteleszkopos-mtb-elektromos-kerekpar-xl?utm_source=arukereso&utm_medium=cpp&utm_campaign=direct_link"	"2465991"	"1941725"	"https://speedbike2.cdn.shoprenter.hu/custom/speedbike2/image/cache/w1024h1024m00q100/product/cube2025/804200.jpg?v=1727363721"	"<p>Egy ultrakönnyű, Bosch-üzemű, teljes felfüggesztésű kerékpár építése nem könnyű. Ezért az AMS Hybrid ONE44 C:68X váz a legfejlettebb C:68X® karbon anyagunkat használja, a lehető legnagyobb szilárdság és merevség érdekében, a lehető legki …(trimmed for fixture)"	""	"9990"	""	"0"	"1"	"<attribute><attribute_name>frame</attribute_name><attribute_value>C:68X® Monocoque Advanced Twin Mold Technology, Effiecient Trail Control, FSP 4-Link, Agile Trail Geometry, Boost 148, UDH™, Fixed Integrated Battery, Advanced Internal Cable Routing </attribute_value></attribute> <attribute><attribute_name>color</attribute_name><attribute_value>swampgrey´n´purplereflex </attribute_value></attribute> <attribute><attribute_name>size</attribute_name><attribute_value>XL </attribute_value></attribute> <attribute><attribute_name>fork</attribute_name><attribute_value>Fox 36 Float Performance GRIP, 3-Position w/ Micro Adjust, Tapered, 15x110mm, 140mm </attribute_value></attribute> <attribute><attribute_name>shock</attribute_name><attribute_value>Fox Float X Performance, 210x55mm, Adjustable LSR w/ 2-Pos- Lever </attribute_value></attribute> <attribute><attribute_name>shock hardware</attribute_name><attribute_value>Front: 30x8mm, Rear: DU-Bushing 12,7mm </attribute_value></attribute> <attribute><attribute_name>headset</attribute_name><attribute_value>ACROS AZF-675, ICR (Integrated Cable Routing), Top Zero-Stack 1 1/2\" (ZS 56mm), Bottom Zero-Stack 1 1/2\" (ZS 56mm), Fiber Inserts for Angle Adjustment </attribute_value></attribute> <attribute><attribute_name>stem</attribute_name><attribute_value>Newmen Evolution SL 318.4, 31.8mm </attribute_value></attribute> <attribute><attribute_name>handlebar</attribute_name><attribute_value>Newmen Evolution SL 318.25, 780mm </attribute_value></attribute> <attribute><attribute_name>grips</attribute_name><attribute_value>ACID Disrupt, Soft Compound </attribute_value></attribute> <attribute><attribute_name>rear derailleur</attribute_name><attribute_value>Sram GX Eagle AXS™ Transmission, 12-Speed </attribute_value></attribute> <attribute><attribute_name>chain guide</attribute_name><attribute_value>Reverse Flip-Guide E-Chain Guide, Direct Mount, I-Plate </attribute_value></attribute> <attribute><attribute_name>shifters</attribute_name><attribute_value>Sram AXS™ Pod Ultimate Controller </attribute_value></attribute> <attribute><attribute_name>brake</attribute_name><attribute_value>Magura MT7, Hydr. Disc Brake (203/180) </attribute_value></attribute> <attribute><attribute_name>crankset</attribute_name><attribute_value>e*thirteen Helix Race Alloy e*spec Crank, 32T </attribute_value></attribute> <attribute><attribute_name>cassette</attribute_name><attribute_value>Sram XS-1275, 10-52T </attribute_value></attribute> <attribute><attribute_name>chain</attribute_name><attribute_value>Sram GX Eagle™ Transmission </attribute_value></attribute> <attribute><attribute_name>wheelset</attribute_name><attribute_value>Newmen Evolution SL E.G. 30, 28/28 Spokes, 15x110mm/12x148mm, Tubeless Ready </attribute_value></attribute> <attribute><attribute_name>front tire</attribute_name><attribute_value>Schwalbe Magic Mary, Super Trail, Addix Soft, Kevlar, 2.4 </attribute_value></attribute> <attribute><attribute_name>rear tire</attribute_name><attribute_value>Schwalbe Nobby Nic, Super Trail, Addix Soft, Kevlar, 2.4 </attribute_value></attribute> <attribute><attribute_name>saddle</attribute_name><attribute_value>Natural Fit Nuance SL </attribute_value></attribute> <attribute><attribute_name>seat post</attribute_name><attribute_value>CUBE Dropper Post, Handlebar Lever, Internal Cable Routing, 31.6mm </attribute_value></attribute> <attribute><attribute_name>seat clamp</attribute_name><attribute_value>CUBE Screwlock, 34.9mm </attribute_value></attribute> <attribute><attribute_name>engine</attribute_name><attribute_value>Bosch Drive Unit Performance SX (55Nm) Cruise (250 Watt), Smart System </attribute_value></attribute> <attribute><attribute_name>battery</attribute_name><attribute_value>Bosch CompactTube 400 </attribute_value></attribute> <attribute><attribute_name>charger</attribute_name><attribute_value>Bosch 4A </attribute_value></attribute> <attribute><attribute_name>remote</attribute_name><attribute_value>Bosch System Control, incl. Mini Remote </attribute_value></attribute> <attribute><attribute_name>weight</attribute_name><attribute_value>18,4 kg</attribute_value></attribute>"
"SCOTT-286342-2022"	""	""	"SCOTT"	"SCOTT ASPECT 950 EQ DARK GREY/QUICKSILVER YELLOW 2022 FÉRFI MTB KERÉKPÁR"	"Termékkategóriák > KERÉKPÁR > MTB > Hardtail MTB > Férfi > 29\""	"https://speedbike.hu/scott-aspect-950-eq-dark-greyquicksilver-yellow-2022-ferfi-mtb-kerekpar?utm_source=arukereso&utm_medium=cpp&utm_campaign=direct_link"	"259990"	"204717"	"https://speedbike2.cdn.shoprenter.hu/custom/speedbike2/image/cache/w1024h1024m00q100/SCOTT2022/SCOTTAspect950EQMTB2022.jpg?v=1702121235"	"<p><p>A SCOTT Aspect 950 EQ egy keményfarú mountain bike, amelyet könnyűnek, hatékonynak és kedvező árúnak terveztek. Tárcsafékekkel és Syncros alkatrészekkel ez a tökéletes kerékpár kezdő vagy pénztárcabarát hegyi kerékpárosok számára. Ez  …(trimmed for fixture)"	""	"5990"	""	"0"	"1"	""
"1008012104-S"	"1008012104"	"1008012"	"GIANT"	"GIANT Anthem Advanced 2 férfi összteleszkópos MTB kerékpár - S méretben"	"Termékkategóriák > KERÉKPÁR > MTB > Fully MTB > Férfi > 29\""	"https://speedbike.hu/giant-anthem-advanced-2-ferfi-osszteleszkopos-mtb-kerekpar-s-meretben-94672?utm_source=arukereso&utm_medium=cpp&utm_campaign=direct_link"	"2469900"	"1944803"	"https://speedbike2.cdn.shoprenter.hu/custom/speedbike2/image/cache/w1024h1024m00q100/product/giantliv-2026/MY26-Anthem-Advanced-SL-2_Color-A-Mariana-Blue.webp?v=1776778183"	"<p>GIANT MTB kerékpár S méretben Mariana Blue színben </p>"	""	"5990"	""	"0"	"1"	""
"2103714104"	""	""	"LIV"	"GIANT LIV AMITI E+ 3 2021 NŐI ELEKTROMOS TREKKING KERÉKPÁR"	"Termékkategóriák > E-BIKE > Trekking E-BIKE"	"https://speedbike.hu/giant-liv-amiti-e-3-2021-noi-elektromos-trekking-kerekpar?utm_source=arukereso&utm_medium=cpp&utm_campaign=direct_link"	"899900"	"708583"	"https://speedbike2.cdn.shoprenter.hu/custom/speedbike2/image/cache/w1024h1024m00q100/amitie%2B3.jpg?v=1702121200"	""	""	"9990"	""	"0"	"1"	"<attribute><attribute_name>Motor</attribute_name><attribute_value> Giant SyncDrive Core (max 25km/h, max 50Nm, 250W) </attribute_value></attribute> <attribute><attribute_name>Kijelző</attribute_name><attribute_value> Giant RideControl EVO </attribute_value></attribute> <attribute><attribute_name>Akkumulátor</attribute_name><attribute_value> Giant EnergyPak Smart 500, 36V Integrated Lithium-Ion </attribute_value></attribute> <attribute><attribute_name>Méretek</attribute_name><attribute_value> XS, S, M, L </attribute_value></attribute> <attribute><attribute_name>Szín</attribute_name><attribute_value> Mushroom </attribute_value></attribute> <attribute><attribute_name>Váz</attribute_name><attribute_value> ALUXX SL-Grade Aluminum, Overdrive 1½ - 1⅛ inch headtube, integrated KS18 kickstand mount </attribute_value></attribute> <attribute><attribute_name>Villa</attribute_name><attribute_value> SR Suntour NEX E25 DS 63mm travel </attribute_value></attribute> <attribute><attribute_name>Kormány</attribute_name><attribute_value> Giant Connect XC Riser 31.8x690mm </attribute_value></attribute> <attribute><attribute_name>Stucni</attribute_name><attribute_value> Giant Contact </attribute_value></attribute> <attribute><attribute_name>Nyeregcső</attribute_name><attribute_value> Giant 30.9mm, 2-bolt Micro Adjustable, Forged Aluminium </attribute_value></attribute> <attribute><attribute_name>Nyereg</attribute_name><attribute_value> Selle Royal Vivo Ergo Moderate </attribute_value></attribute> <attribute><attribute_name>Pedálok</attribute_name><attribute_value> Aluminum Platform </attribute_value></attribute> <attribute><attribute_name>Váltókarok</attribute_name><attribute_value> Shimano SL-M2000 </attribute_value></attribute> <attribute><attribute_name>Hátsó váltó</attribute_name><attribute_value> Shimano Alivio M3100, 9-Speed </attribute_value></attribute> <attribute><attribute_name>Fékek</attribute_name><attribute_value> Tektro HD-M275, hydraulic disc, 160/180mm </attribute_value></attribute> <attribute><attribute_name>Fékkarok</attribute_name><attribute_value> Tektro HD-M275 </attribute_value></attribute> <attribute><attribute_name>Fogaskoszorú</attribute_name><attribute_value> Shimano CS-HG200, 11-36T, 9-Speed </attribute_value></attribute> <attribute><attribute_name>Lánc</attribute_name><attribute_value> KMC e.9 Sport, E-bike optimized </attribute_value></attribute> <attribute><attribute_name>Hajtómű</attribute_name><attribute_value> Forged Alloy minimal Q-factor, 42T </attribute_value></attribute> <attribute><attribute_name>Felnik</attribute_name><attribute_value> Giant eX 2, Tubeless Ready, 700c aluminium </attribute_value></attribute> <attribute><attribute_name>Agyak</attribute_name><attribute_value> Giant eTracker, [F] 100x9mm QR [R] 135mm QR </attribute_value></attribute> <attribute><attribute_name>Küllők</attribute_name><attribute_value> Stainless steel </attribute_value></attribute> <attribute><attribute_name>Külsők</attribute_name><attribute_value> Giant Crosscut Gravel 2, 700x45c (622x45), Tubeless Ready, Reflex </attribute_value></attribute> <attribute><attribute_name>Kiegészítők</attribute_name><attribute_value> Giant EnergyPak 4A fast charger MIK system carrier top-deck </attribute_value></attribute> <attribute><attribute_name>Világítás</attribute_name><attribute_value> Axa BlueLine 30Lux Steady E6 front Axa BlueLine Steady E6 rear </attribute_value></attribute> <attribute><attribute_name>Csomagtartó</attribute_name><attribute_value> MIK rack, system bag & basket compatible</attribute_value></attribute>"
"HAIBIKE-451641xx-2021"	""	""	"HAIBIKE"	"HAIBIKE ALLMTN 5 BLACK/TITAN ELEKTROMOS ÖSSZTELESZKÓPOS ENDURO KERÉKPÁR"	"Termékkategóriák > E-BIKE > Összteleszkópos E-BIKE"	"https://speedbike.hu/haibike-allmtn-5-blacktitan-elektromos-osszteleszkopos-enduro-kerekpar?utm_source=arukereso&utm_medium=cpp&utm_campaign=direct_link"	"1499990"	"1181094"	"https://speedbike2.cdn.shoprenter.hu/custom/speedbike2/image/cache/w1024h1024m00q100/allmtn5.JPG?v=1705338545"	"<p>Az AllMtn 5 segítségével felkészült minden kihívásra a hegyen. A 4. generációs erősebb Bosch Performance CX motor biztosítja a teljes ePerformance-t felfelé, és az integrált 625 Wh-s akkumulátornak köszönhetően garantálja, hogy hosszú má …(trimmed for fixture)"	""	"9990"	""	"0"	"1"	"<attribute><attribute_name>Váz</attribute_name><attribute_value> aluminium 6061, Integrated Motor, SkidPlate, Tapered head tube, thru-axle M12 (1.75) x 148mm, disc brake Post Mount, Travel: 160mm </attribute_value></attribute> <attribute><attribute_name>Motor</attribute_name><attribute_value> Bosch Performance CX GEN4, 250W, 85Nm, 25km/h </attribute_value></attribute> <attribute><attribute_name>Kijelző</attribute_name><attribute_value> Bosch Purion </attribute_value></attribute> <attribute><attribute_name>Akkumulátor</attribute_name><attribute_value> Bosch PowerTube, 625 Wh </attribute_value></attribute> <attribute><attribute_name>Töltő</attribute_name><attribute_value> Bosch Standard Charger 4A </attribute_value></attribute> <attribute><attribute_name>Villa</attribute_name><attribute_value> RockShox Lyrik Ultimate RC, air/oil, Travel: 160mm, Aluschaft 1 1/8 - 1 1/2'' tapered, thru-axle Boost </attribute_value></attribute> <attribute><attribute_name>Rugóstag</attribute_name><attribute_value> RockShox Deluxe Select Plus, air </attribute_value></attribute> <attribute><attribute_name>Váltó</attribute_name><attribute_value>  Shimano Deore XT M8100 Shadow Plus, 12 speed </attribute_value></attribute> <attribute><attribute_name>Váltókar</attribute_name><attribute_value>  Shimano Deore SLX M7100 </attribute_value></attribute> <attribute><attribute_name>Fogaskoszorú</attribute_name><attribute_value>  Shimano M7100 Microspline, 10-51 teeth </attribute_value></attribute> <attribute><attribute_name>Lánc</attribute_name><attribute_value> Shimano SLX M7100 </attribute_value></attribute> <attribute><attribute_name>Lánctányér</attribute_name><attribute_value>  Haibike Components, 38, aluminium </attribute_value></attribute> <attribute><attribute_name>Fékkar</attribute_name><attribute_value> Shimano Deore XT M8000, aluminium </attribute_value></attribute> <attribute><attribute_name>Első fék</attribute_name><attribute_value>  Shimano Deore XT M8020, 203mm, 4-piston disc brake </attribute_value></attribute> <attribute><attribute_name>Hátsó fék</attribute_name><attribute_value>  Shimano Deore XT M8020, 203mm, 4-piston disc brake </attribute_value></attribute> <attribute><attribute_name>Gumi</attribute_name><attribute_value> Maxxis Minion DHF II, 65-622 </attribute_value></attribute> <attribute><attribute_name>Hátsó gumi</attribute_name><attribute_value>  Maxxis Minion DHR II, 71-584, foldable </attribute_value></attribute> <attribute><attribute_name>Kerék szett</attribute_name><attribute_value> DT Swiss H1900 </attribute_value></attribute> <attribute><attribute_name>Kormány</attribute_name><attribute_value>  Haibike Components TheBar +++ Gravity 780mm </attribute_value></attribute> <attribute><attribute_name>Markolat</attribute_name><attribute_value> Haibike MTB grips </attribute_value></attribute> <attribute><attribute_name>Stucni</attribute_name><attribute_value> Haibike Components TheStem 2, A-head, Bar bore: 31.8mm </attribute_value></attribute> <attribute><attribute_name>Kormánycsapágy</attribute_name><attribute_value> A-Head Tapered, Cartridge, aluminium </attribute_value></attribute> <attribute><attribute_name>Nyereg</attribute_name><attribute_value> Selle Royal Vivo </attribute_value></attribute> <attribute><attribute_name>Nyeregcső</attribute_name><attribute_value>  Haibike Components TheSeatpost ++, 31.6mm, aluminium </attribute_value></attribute> <attribute><attribute_name>Pedál</attribute_name><attribute_value> Freeridepedal mit Reflektor, aluminium </attribute_value></attribute> <attribute><attribute_name>Maximum súly</attribute_name><attribute_value> 120kg </attribute_value></attribute> <attribute><attribute_name>Kerékméret</attribute_name><attribute_value> 29\" / 27.5\"+</attribute_value></attribute>"
"021323/2021"	""	""	"KTM"	"KTM MACINA TEAM 272 GLORIOUS DEEPPURPEL (SUNSET) NŐI ELEKTROMOS MTB KERÉKPÁR"	"Termékkategóriák > E-BIKE > MTB E-BIKE"	"https://speedbike.hu/ktm-macina-team-272-glorious-deeppurpel-sunset-noi-elektromos-mtb-kerekpar?utm_source=arukereso&utm_medium=cpp&utm_campaign=direct_link"	"1019990"	"803142"	"https://speedbike2.cdn.shoprenter.hu/custom/speedbike2/image/cache/w1024h1024m00q100/KTM%20MAC%202021/KTM%20MACINA%20TEAM%20272%20GLORIOUS%20N%C5%91i%20Elektromos%20MTB%20Ker%C3%A9kp%C3%A1r%202021.jpg?v=1717420796"	"<p><p>A KTM Macina Team 272 Glorious  segítségével a 27,5 hüvelykes, kifejezetten nőknek tervezett keményfarok keret és a Bosch hajtómű szív és lélek. A váz robusztussága és az erőteljes Performance Line CX technológia valóra váltja az ösvé …(trimmed for fixture)"	""	"9990"	""	"0"	"1"	"<attribute><attribute_name>VÁZ</attribute_name><attribute_value>                    Macina MTB 27.5“ Alloy6061; PT625Wh Bosch Gen.4 / M-1676 </attribute_value></attribute> <attribute><attribute_name>VILLA</attribute_name><attribute_value>     RockShox 35 silver TK 27.5“ 100mm 15x110 </attribute_value></attribute> <attribute><attribute_name>MOTOR</attribute_name><attribute_value>            Bosch PERFORMANCE CX Gen.4 - 250W, 25km/h / 85Nm </attribute_value></attribute> <attribute><attribute_name>KIJELZŐ</attribute_name><attribute_value>                    Bosch INTUVIA LCD Display with Remote </attribute_value></attribute> <attribute><attribute_name>AKKUMULÁTOR</attribute_name><attribute_value>                Bosch PowerTUBE 625Wh hor. </attribute_value></attribute> <attribute><attribute_name>TÖLTŐ</attribute_name><attribute_value>                   Bosch STANDARD Charger 4A </attribute_value></attribute> <attribute><attribute_name>HÁTSÓ VÁLTÓ</attribute_name><attribute_value>                 Shimano Deore M5100-11 SGS shadow+ </attribute_value></attribute> <attribute><attribute_name>VÁLTÓKAR</attribute_name><attribute_value>                   Shimano Deore M5100-11 display </attribute_value></attribute> <attribute><attribute_name>HAJTÓMŰ</attribute_name><attribute_value>                  KTM COMP ISIS 170mm Q16, FSA Megatooth steel 38T with Chainguard </attribute_value></attribute> <attribute><attribute_name>FOGASKOSZORÚ</attribute_name><attribute_value>                Shimano Deore M5100-11 / 11-51 </attribute_value></attribute> <attribute><attribute_name>LÁNC</attribute_name><attribute_value>                          KMC e11 Sport EPT e-bike </attribute_value></attribute> <attribute><attribute_name>FÉK</attribute_name><attribute_value>                       Shimano MT401 / MT420 4-Piston </attribute_value></attribute> <attribute><attribute_name>ROTOR</attribute_name><attribute_value>                   Shimano RT54 CL 180 / 180 </attribute_value></attribute> <attribute><attribute_name>ELSŐ KERÉK</attribute_name><attribute_value>                 KTM Line - Shimano MT400B CL 32H 110-15TA Ambrosio E30 Trail 32H 584x30TC DT Champion 2.0 black </attribute_value></attribute> <attribute><attribute_name>HÁTSÓ KERÉK</attribute_name><attribute_value>             KTM Line - Shimano MT400B CL 32H 148-12TA Ambrosio E30 Trail 32H 584x30TC DT Alpine II 2.34 black </attribute_value></attribute> <attribute><attribute_name>ELSŐ KÖPENY</attribute_name><attribute_value>              Schwalbe Nobby Nic Perf. Folding 65-584 </attribute_value></attribute> <attribute><attribute_name>HÁTSÓ KÖPENY</attribute_name><attribute_value>           Schwalbe Nobby Nic Perf. Folding 65-584 </attribute_value></attribute> <attribute><attribute_name>MARKOLAT</attribute_name><attribute_value>              KTM Comp Lock </attribute_value></attribute> <attribute><attribute_name>KORMÁNY</attribute_name><attribute_value>               KTM Comp rizer15 700mm </attribute_value></attribute> <attribute><attribute_name>STUCNI</attribute_name><attribute_value>                 KTM Comp 7° </attribute_value></attribute> <attribute><attribute_name>KORMÁNYCSAPÁGY</attribute_name><attribute_value>               KTM Team eMTB 1.1/8“-1.5“ angle limit </attribute_value></attribute> <attribute><attribute_name>NYEREG</attribute_name><attribute_value>                          KTM Line Sport </attribute_value></attribute> <attribute><attribute_name>NYEREGCSŐ</attribute_name><attribute_value>                  KTM Comp 30.9/350 </attribute_value></attribute> <attribute><attribute_name>PEDÁL</attribute_name><attribute_value>                          MTB-Pedal VP-195E alloy </attribute_value></attribute> <attribute><attribute_name>MAX. ÖSSZTERHELÉS</attribute_name><attribute_value>                              141 kg </attribute_value></attribute> <attribute><attribute_name>SÚLY</attribute_name><attribute_value>                            23,2 kg (pedál nélkül)</attribute_value></attribute>"
"2103235144"	""	"4712878666764"	"GIANT"	"GIANT DAILYTOUR E+1 BD (GE) GTS 2022 FÉRFI ELEKTROMOS VÁROSI KERÉKPÁR - S"	"Termékkategóriák > E-BIKE > City - Városi E-BIKE"	"https://speedbike.hu/giant-dailytour-e1-bd-ge-gts-2022-ferfi-elektromos-varosi-kerekpar-s?utm_source=arukereso&utm_medium=cpp&utm_campaign=direct_link"	"899900"	"708583"	"https://speedbike2.cdn.shoprenter.hu/custom/speedbike2/image/cache/w1024h1024m00q100/dailytoure%2B1gts.jpg?v=1702121175"	"<p><!--[if gte mso 9]><xml>  <o:OfficeDocumentSettings>   <o:AllowPNG/>  </o:OfficeDocumentSettings> </xml><![endif]--><!--[if gte mso 9]><xml>  <w:WordDocument>   <w:View>Normal</w:View>   <w:Zoom>0</w:Zoom>   <w:TrackMoves/>   <w …(trimmed for fixture)"	""	"9990"	""	"0"	"1"	"<attribute><attribute_name>Motor</attribute_name><attribute_value> Giant SyncDrive Core (max 25km/h, max 50Nm, 250W) </attribute_value></attribute> <attribute><attribute_name>KEZELŐ</attribute_name><attribute_value> Giant RideControl Ergo 2 </attribute_value></attribute> <attribute><attribute_name>Kijelző</attribute_name><attribute_value> Giant RideDash EVO </attribute_value></attribute> <attribute><attribute_name>Akkumulátor</attribute_name><attribute_value> Giant EnergyPak Smart 625Wh </attribute_value></attribute> <attribute><attribute_name>Szín</attribute_name><attribute_value> Metallic Navy </attribute_value></attribute> <attribute><attribute_name>Váz</attribute_name><attribute_value> ALUXX SL aluminum </attribute_value></attribute> <attribute><attribute_name>Villa</attribute_name><attribute_value> SR Suntour NEX E25, lockout, 63mm , 15AQ </attribute_value></attribute> <attribute><attribute_name>Kormány</attribute_name><attribute_value> Giant Contour GT, cable integrated, 30° back sweep 31.8mm </attribute_value></attribute> <attribute><attribute_name>Stucni</attribute_name><attribute_value> Giant Contour, EVO display integrated, adjustable </attribute_value></attribute> <attribute><attribute_name>Nyeregcső</attribute_name><attribute_value> Suspension 2-bolt micro-adjustable, 30,9x270mm </attribute_value></attribute> <attribute><attribute_name>Nyereg</attribute_name><attribute_value> Selle Royal Look-In gel </attribute_value></attribute> <attribute><attribute_name>Pedálok</attribute_name><attribute_value> VP191 light weight aluminum / or VP-613 aluminum </attribute_value></attribute> <attribute><attribute_name>Váltókarok</attribute_name><attribute_value> Shimano Nexus 8speed REVOSHIFT </attribute_value></attribute> <attribute><attribute_name>Fékek</attribute_name><attribute_value> Shimano MT201 Hydraulic Disc </attribute_value></attribute> <attribute><attribute_name>Fékkarok</attribute_name><attribute_value> Shimano MT201 Hydraulic Disc </attribute_value></attribute> <attribute><attribute_name>Fogaskoszorú</attribute_name><attribute_value> Gates CDXtm stainless steel 26T rear sprocket </attribute_value></attribute> <attribute><attribute_name>Lánc</attribute_name><attribute_value> Gates CDXtm Carbon Drive 120T CenterTrack belt </attribute_value></attribute> <attribute><attribute_name>Hajtómű</attribute_name><attribute_value> Gates CDXtm CenterTrack 46T front sprocket </attribute_value></attribute> <attribute><attribute_name>Felnik</attribute_name><attribute_value> Giant eX 2, Tubeless Ready, 700c Aluminium </attribute_value></attribute> <attribute><attribute_name>Agyak</attribute_name><attribute_value> Shimano HB-MT400 100x15mm thru-axle Disc [F]Shimano Nexus 8 Disc brake [R] </attribute_value></attribute> <attribute><attribute_name>Küllők</attribute_name><attribute_value> Sapim Race [F], Sapim Strong [R] </attribute_value></attribute> <attribute><attribute_name>Külsők</attribute_name><attribute_value> Schwalbe Marathon E Plus 622x50, Smart DualGuard Addix E </attribute_value></attribute> <attribute><attribute_name>Kiegészítők</attribute_name><attribute_value> Giant EnergyPak 6A Smart charger </attribute_value></attribute> <attribute><attribute_name>Világítás</attribute_name><attribute_value> Giant Numen iD integrated day-time LED Axa Blueline 30 automatic front LEDAxa Blueline rear LED </attribute_value></attribute> <attribute><attribute_name>Lakat</attribute_name><attribute_value> Abus Pro Shield 5850 ART approved </attribute_value></attribute> <attribute><attribute_name>Csomagtartó</attribute_name><attribute_value> MIK rack. System bag & basket compatible</attribute_value></attribute>"
"2103248143"	""	"4712878667686"	"GIANT"	"GIANT DAILYTOUR E+1 RT LDS 2021 UNISEX ELEKTROMOS VÁROSI TREKKING KERÉKPÁR - XS"	"Termékkategóriák > E-BIKE > City - Városi E-BIKE"	"https://speedbike.hu/giant-dailytour-e1-rt-lds-2021-unisex-elektromos-varosi-trekking-kerekpar-xs?utm_source=arukereso&utm_medium=cpp&utm_campaign=direct_link"	"899990"	"708654"	"https://speedbike2.cdn.shoprenter.hu/custom/speedbike2/image/cache/w1024h1024m00q100/dailytoure%2B1lds.jpg?v=1702121235"	"<p><!--[if gte mso 9]><xml>  <o:OfficeDocumentSettings>   <o:AllowPNG/>  </o:OfficeDocumentSettings> </xml><![endif]--><!--[if gte mso 9]><xml>  <w:WordDocument>   <w:View>Normal</w:View>   <w:Zoom>0</w:Zoom>   <w:TrackMoves/>   <w …(trimmed for fixture)"	""	"9990"	""	"0"	"1"	"<attribute><attribute_name>Motor</attribute_name><attribute_value> Giant SyncDrive Core (max 25km/h, max 50Nm, 250W) </attribute_value></attribute> <attribute><attribute_name>KEZELŐ</attribute_name><attribute_value> Giant RideControl Ergo 2 </attribute_value></attribute> <attribute><attribute_name>Kijelző</attribute_name><attribute_value> Giant RideDash EVO </attribute_value></attribute> <attribute><attribute_name>Akkumulátor</attribute_name><attribute_value> Giant EnergyPak Smart 625Wh </attribute_value></attribute> <attribute><attribute_name>Méretek</attribute_name><attribute_value> XS, S, M, L </attribute_value></attribute> <attribute><attribute_name>Szín</attribute_name><attribute_value> Metallic Navy </attribute_value></attribute> <attribute><attribute_name>Váz</attribute_name><attribute_value> ALUXX SL aluminum </attribute_value></attribute> <attribute><attribute_name>Villa</attribute_name><attribute_value> SR Suntour NEX E25, lockout, 63mm , 15AQ </attribute_value></attribute> <attribute><attribute_name>Kormány</attribute_name><attribute_value> Giant Contour GT, cable integrated, 30° back sweep 31.8mm </attribute_value></attribute> <attribute><attribute_name>Stucni</attribute_name><attribute_value> Giant Contour, EVO display integrated, adjustable </attribute_value></attribute> <attribute><attribute_name>Nyeregcső</attribute_name><attribute_value> Suspension 2-bolt micro-adjustable, 30,9x270mm </attribute_value></attribute> <attribute><attribute_name>Nyereg</attribute_name><attribute_value> Selle Royal Look-In gel </attribute_value></attribute> <attribute><attribute_name>Pedálok</attribute_name><attribute_value> VP191 light weight aluminum / or VP-613 aluminum </attribute_value></attribute> <attribute><attribute_name>Váltókarok</attribute_name><attribute_value> Shimano Nexus 8speed REVOSHIFT </attribute_value></attribute> <attribute><attribute_name>Fékek</attribute_name><attribute_value> Shimano MT201 Hydraulic Disc </attribute_value></attribute> <attribute><attribute_name>Fékkarok</attribute_name><attribute_value> Shimano MT201 Hydraulic Disc </attribute_value></attribute> <attribute><attribute_name>Fogaskoszorú</attribute_name><attribute_value> Gates CDXtm stainless steel 26T rear sprocket </attribute_value></attribute> <attribute><attribute_name>Lánc</attribute_name><attribute_value> Gates CDXtm Carbon Drive 120T CenterTrack belt </attribute_value></attribute> <attribute><attribute_name>Hajtómű</attribute_name><attribute_value> Gates CDXtm CenterTrack 46T front sprocket </attribute_value></attribute> <attribute><attribute_name>Felnik</attribute_name><attribute_value> Giant eX 2, Tubeless Ready, 700c Aluminium </attribute_value></attribute> <attribute><attribute_name>Agyak</attribute_name><attribute_value> Shimano HB-MT400 100x15mm thru-axle Disc [F]Shimano Nexus 8 Disc brake [R] </attribute_value></attribute> <attribute><attribute_name>Küllők</attribute_name><attribute_value> Sapim Race [F], Sapim Strong [R] </attribute_value></attribute> <attribute><attribute_name>Külsők</attribute_name><attribute_value> Schwalbe Marathon 622x50 Green Guard </attribute_value></attribute> <attribute><attribute_name>Kiegészítők</attribute_name><attribute_value> Giant EnergyPak 6A Smart charger </attribute_value></attribute> <attribute><attribute_name>Világítás</attribute_name><attribute_value> Giant Numen iD integrated day-time LED Axa Blueline 30 automatic front LEDAxa Blueline rear LED </attribute_value></attribute> <attribute><attribute_name>Lakat</attribute_name><attribute_value> Abus Pro Shield 5850 ART approved </attribute_value></attribute> <attribute><attribute_name>Csomagtartó</attribute_name><attribute_value> MIK rack. System bag & basket compatible</attribute_value></attribute>"
"KTM-02231010x-2022-F"	"MX1230022138"	""	"KTM"	"KTM MACINA KAPOHO 7973 CHROME RED (BLACK) FÉRFI ELEKTROMOS ÖSSZTELESZKÓPOS MTB KERÉKPÁR 2022"	"Termékkategóriák > E-BIKE > Összteleszkópos E-BIKE"	"https://speedbike.hu/ktm-macina-kapoho-7973-chrome-red-black-ferfi-elektromos-osszteleszkopos-mtb-kerekpar-2022?utm_source=arukereso&utm_medium=cpp&utm_campaign=direct_link"	"1589990"	"1251961"	"https://speedbike2.cdn.shoprenter.hu/custom/speedbike2/image/cache/w1024h1024m00q100/KTMMACINA-2022/KTMMACINAKAPOHO79732022.jpg?v=1713737308"	"<p><p>A  KTM  Macina Kapoho 7973 a belépő szintű modell a Macina Kapoho flottából 2022-től. A Bosch Powertube 750 Wh akkumulátorral, az új Bosch Performance CX Smart System meghajtóval és a teljes felfüggesztéssel a nagy testvérek alig lógn …(trimmed for fixture)"	""	"9990"	""	"0"	"1"	"<attribute><attribute_name>VÁLTÓRENDSZER</attribute_name><attribute_value>                    1x12 SRAM SX </attribute_value></attribute> <attribute><attribute_name>VÁZ</attribute_name><attribute_value>                               Macina Kapoho Dimmix Alloy6061 SLL-LTE  160mm UDH; PT750 Bosch Gen.4 / M-2266 </attribute_value></attribute> <attribute><attribute_name>VILLA</attribute_name><attribute_value>                               RockShox 35 Silver TK 29\" 160mm </attribute_value></attribute> <attribute><attribute_name>RUGÓSTAG</attribute_name><attribute_value>                             Suntour Tri-Air 3CR 250x70 </attribute_value></attribute> <attribute><attribute_name>MOTOR</attribute_name><attribute_value>                            Bosch PERFORMANCE CX Gen.4 SMART SYSTEM - 25km/h / 85Nm / 250W </attribute_value></attribute> <attribute><attribute_name>AKKUMULÁTOR</attribute_name><attribute_value>                                Bosch PowerTUBE 750Wh SMART SYSTEM hor. </attribute_value></attribute> <attribute><attribute_name>KIJELZŐ</attribute_name><attribute_value>  Bosch LED Remote, Smart System </attribute_value></attribute> <attribute><attribute_name>TÖLTŐ</attribute_name><attribute_value>                                         Bosch STANDARD Charger 4A smart system </attribute_value></attribute> <attribute><attribute_name>VÁLTÓ</attribute_name><attribute_value>                                 SRAM SX Eagle 12speed </attribute_value></attribute> <attribute><attribute_name>VÁLTÓKAR</attribute_name><attribute_value>                                 SRAM SX Eagle singleClick </attribute_value></attribute> <attribute><attribute_name>HAJTÓMŰ</attribute_name><attribute_value>                                KTM TRAIL ISIS 160mm Q16 </attribute_value></attribute> <attribute><attribute_name>LÁNCTÁNYÉR</attribute_name><attribute_value>                            SRAM X-Sync 2 Eagle 36T Direct Mount </attribute_value></attribute> <attribute><attribute_name>FOGASKOSZORÚ</attribute_name><attribute_value>                               SRAM SX Eagle PG-1210 / 11-50 </attribute_value></attribute> <attribute><attribute_name>LÁNC</attribute_name><attribute_value>                                         SRAM NX Eagle 12s </attribute_value></attribute> <attribute><attribute_name>FÉK</attribute_name><attribute_value>                               Shimano M4100 / MT420 4-Piston </attribute_value></attribute> <attribute><attribute_name>ROTOR</attribute_name><attribute_value>                                 Shimano RT64 CL 203 EM600 CL 180 magnet </attribute_value></attribute> <attribute><attribute_name>ELSŐ KERÉK</attribute_name><attribute_value>                                          KTM Line - Shimano MT410B CL 32H 110-15TA Ambrosio E30 Trail 32H 622x30TC DT Champion 2.0 black </attribute_value></attribute> <attribute><attribute_name>HÁTSÓ KERÉK</attribute_name><attribute_value>                                       KTM Line - Shimano MT400B CL 32H 148-12TA Ambrosio E35 Trail 32H 584x35TC DT Alpine II 2.34 black </attribute_value></attribute> <attribute><attribute_name>ELSŐ GUMIKÖPENY</attribute_name><attribute_value>                                Schwalbe Nobby Nic Perf. Folding 65-622 </attribute_value></attribute> <attribute><attribute_name>HÁTSÓ GUMIKÖPENY</attribute_name><attribute_value>                             Schwalbe Nobby Nic Perf. Folding 70-584 </attribute_value></attribute> <attribute><attribute_name>MARKOLAT</attribute_name><attribute_value>                                               Ergon GA20 </attribute_value></attribute> <attribute><attribute_name>KORMÁNY</attribute_name><attribute_value>                                        KTM Comp Trail35 rizer15 780mm </attribute_value></attribute> <attribute><attribute_name>STUCNI</attribute_name><attribute_value>                                             KTM Team Trail35 </attribute_value></attribute> <attribute><attribute_name>KORMÁNYCSAPÁGY</attribute_name><attribute_value>                                        Acros AICR internal 1.1/8>1.5\" angle limit </attribute_value></attribute> <attribute><attribute_name>NYEREG</attribute_name><attribute_value>                                     Selle Italia Model-X Flow </attribute_value></attribute> <attribute><attribute_name>NYREGCSŐ</attribute_name><attribute_value>                                     KTM Comp dropper internal </attribute_value></attribute> <attribute><attribute_name>PEDÁL</attribute_name><attribute_value>                                                MTB-Pedal flat VPE-527 alloy </attribute_value></attribute> <attribute><attribute_name>MAX. ÖSSZTÖMEG</attribute_name><attribute_value>                                             146 kg </attribute_value></attribute> <attribute><attribute_name>SÚLY</attribute_name><attribute_value>                                                       27,7 kg (pedál nélkül)</attribute_value></attribute>"
"HAIBIKE-451642xx-2022"	"4054624128363"	""	"HAIBIKE"	"HAIBIKE ALLMTN CF 9 GREY/BLACK ELEKTROMOS ÖSSZTELESZKÓPOS ENDURO MTB KERÉKPÁR"	"Termékkategóriák > E-BIKE > Összteleszkópos E-BIKE"	"https://speedbike.hu/haibike-allmtn-cf-9-greyblack-elektromos-osszteleszkopos-enduro-mtb-kerekpar?utm_source=arukereso&utm_medium=cpp&utm_campaign=direct_link"	"1999990"	"1574795"	"https://speedbike2.cdn.shoprenter.hu/custom/speedbike2/image/cache/w1024h1024m00q100/HAIBIKE2022/HaibikeAllMtnCF9GREY2022.png?v=1705338757"	"<p><p>A vadonatúj AllMtn CF 9 2022 egy középkategóriás all mountain és trail kerékpár az új Haibike modellévhez, és a most már hihetetlenül hatalmas AllMtn kínálat legjobb alkatrészeit kínálja igazán versenyképes áron. A vadonatúj karbonváz …(trimmed for fixture)"	""	"9990"	""	"0"	"1"	"<attribute><attribute_name>VÁZ</attribute_name><attribute_value>                               Carbon/Aluminium, Tapered head tube, thru-axle M12 (1.75) x 148mm, disc brake Post Mount, Travel: 160mm </attribute_value></attribute> <attribute><attribute_name>MOTOR</attribute_name><attribute_value>                  Bosch Performance CX Smart System, 250W, 85Nm, 25km/h </attribute_value></attribute> <attribute><attribute_name>KIJELZŐ</attribute_name><attribute_value>                  Bosch Kiox 300 + LED Remote </attribute_value></attribute> <attribute><attribute_name>AKKUMULÁTOR</attribute_name><attribute_value>                              Bosch PowerTube, 750 Wh </attribute_value></attribute> <attribute><attribute_name>TÖLTŐ</attribute_name><attribute_value>                              Bosch Standard Charger 4A </attribute_value></attribute> <attribute><attribute_name>VILLA</attribute_name><attribute_value>                                 RockShox Yari RC, air, Travel: 160mm, Aluschaft 1 1/8 - 1 1/2'' tapered, thru-axle Boost </attribute_value></attribute> <attribute><attribute_name>RUGÓSTAG</attribute_name><attribute_value>                             RockShox Deluxe Select Plus, air </attribute_value></attribute> <attribute><attribute_name>VÁLTÓ</attribute_name><attribute_value>                        Sram NX Eagle, 12 speed </attribute_value></attribute> <attribute><attribute_name>VÁLTÓKAR</attribute_name><attribute_value>                                    Sram SX Eagle, trigger switch </attribute_value></attribute> <attribute><attribute_name>FOGASKOSZORÚ</attribute_name><attribute_value>                                Sram Eagle PG1210, 11-50 teeth </attribute_value></attribute> <attribute><attribute_name>LÁNC</attribute_name><attribute_value>                              Sram SX Eagle </attribute_value></attribute> <attribute><attribute_name>LÁNCTÁNYÉR</attribute_name><attribute_value>                       Sram X-Sync II Eagle, 36, aluminium </attribute_value></attribute> <attribute><attribute_name>LÁNCVEZETŐ</attribute_name><attribute_value>                     Nylon directmount </attribute_value></attribute> <attribute><attribute_name>FÉKKAR</attribute_name><attribute_value>                  Shimano MT401, aluminium </attribute_value></attribute> <attribute><attribute_name>ELSŐ FÉK</attribute_name><attribute_value>                       Shimano MT420, 203mm, aluminium, 4-piston disc brake </attribute_value></attribute> <attribute><attribute_name>HÁTSÓ FÉK</attribute_name><attribute_value>                   Shimano MT420, 203mm, aluminium, 4-piston disc brake </attribute_value></attribute> <attribute><attribute_name>ELSŐ GUMIKÖPENY</attribute_name><attribute_value>                         Maxxis Minion DHF II, 65-622 </attribute_value></attribute> <attribute><attribute_name>HÁTSÓ GUMIKÖPENY</attribute_name><attribute_value>                         Maxxis Minion DHR II, 71-584, foldable </attribute_value></attribute> <attribute><attribute_name>FELNI</attribute_name><attribute_value>                     Rodi Tryp 30, with eylets, hollow rim, aluminium </attribute_value></attribute> <attribute><attribute_name>ELSŐ KERÉKAGY</attribute_name><attribute_value>                            Shimano MT400-B Steckachse 15x110mm </attribute_value></attribute> <attribute><attribute_name>HÁTSÓ KERÉKAGY</attribute_name><attribute_value>                      Shimano MT400-B Steckachse 12x148mm </attribute_value></attribute> <attribute><attribute_name>KÜLLŐK</attribute_name><attribute_value>                      Sapim Leader, black </attribute_value></attribute> <attribute><attribute_name>KORMÁNY</attribute_name><attribute_value>                                  Haibike Components TheBar ++ 780mm </attribute_value></attribute> <attribute><attribute_name>MARKOLAT</attribute_name><attribute_value>                                  Haibike MTB grips </attribute_value></attribute> <attribute><attribute_name>STUCNI</attribute_name><attribute_value>                                Alu, A-head, Bar bore: 31.8mm </attribute_value></attribute> <attribute><attribute_name>KORMÁNYCSAPÁGY</attribute_name><attribute_value>                                    Acros Cable integration Blocklock integrated cable routing, aluminium </attribute_value></attribute> <attribute><attribute_name>NYEREG</attribute_name><attribute_value>                                     fi'zi:k Terra Aidon X5-160 </attribute_value></attribute> <attribute><attribute_name>NYEREGCSŐ</attribute_name><attribute_value>                                 Dropper-Post Remote, telescope, 31.6mm, aluminium </attribute_value></attribute> <attribute><attribute_name>PEDÁL</attribute_name><attribute_value>                                  Freeridepedal mit Reflektor, aluminium </attribute_value></attribute> <attribute><attribute_name>MAX. ÖSSZTÖMEG</attribute_name><attribute_value>                                     120kg </attribute_value></attribute> <attribute><attribute_name>KERÉKMÉRET</attribute_name><attribute_value>                      29\"+ / 27.5\"+</attribute_value></attribute>"
"1260154503"	"1260154503"	"9008594506466"	"KTM"	"KTM MACINA STYLE 820  US 43 Unisex elektromos trekking- túra kerékpár MACHINE GREY színben 2026"	"Termékkategóriák > E-BIKE > Trekking E-BIKE"	"https://speedbike.hu/ktm-macina-style-820-us-43-unisex-elektromos-trekking-tura-kerekpar-machinegrey-szinben-2026?utm_source=arukereso&utm_medium=cpp&utm_campaign=direct_link"	"1685880"	"1327465"	""	"<p>Elektromos trekking- túra kerékpár </p>"	""	"9990"	""	"0"	"1"	"<attribute><attribute_name>Váz</attribute_name><attribute_value>Macina Trekking Onroad Alloy 6061|PT800 Bosch BDU38/T5940 </attribute_value></attribute> <attribute><attribute_name>Villa</attribute_name><attribute_value>Suntour NCX32-D Air LO 63mm 1 1/8 </attribute_value></attribute> <attribute><attribute_name>Lengéscsillapító</attribute_name><attribute_value> </attribute_value></attribute> <attribute><attribute_name>Hajtás</attribute_name><attribute_value>1X11 SHIMANO CUES </attribute_value></attribute> <attribute><attribute_name>E-System</attribute_name><attribute_value>BOSCH PT-CX8K4 </attribute_value></attribute> <attribute><attribute_name>Motor</attribute_name><attribute_value>Bosch PERFORMANCE CX BDU3840 </attribute_value></attribute> <attribute><attribute_name>Kijelző</attribute_name><attribute_value>Bosch KIOX 500 TFT Display </attribute_value></attribute> <attribute><attribute_name>Akkumulátor</attribute_name><attribute_value>Bosch PowerTUBE 800Wh horizontal </attribute_value></attribute> <attribute><attribute_name>Akku zár</attribute_name><attribute_value>ABUS integrated lock IT1 (X-Plus key) </attribute_value></attribute> <attribute><attribute_name>Töltő</attribute_name><attribute_value>Bosch STANDARD Charger 4A </attribute_value></attribute> <attribute><attribute_name>GPS modul</attribute_name><attribute_value> </attribute_value></attribute> <attribute><attribute_name>ABS</attribute_name><attribute_value> </attribute_value></attribute> <attribute><attribute_name>Hátsó váltó</attribute_name><attribute_value>Shimano CUES U6000-11/10 LG shadow+ </attribute_value></attribute> <attribute><attribute_name>Első váltó</attribute_name><attribute_value> </attribute_value></attribute> <attribute><attribute_name>Váltókar bal</attribute_name><attribute_value> </attribute_value></attribute> <attribute><attribute_name>Váltókar jobb</attribute_name><attribute_value>Shimano CUES U6000-11 display </attribute_value></attribute> <attribute><attribute_name>Hajtókar</attribute_name><attribute_value> </attribute_value></attribute> <attribute><attribute_name>Hajtókar bal</attribute_name><attribute_value>KTM E-TEAM ISIS 170mm Q16 </attribute_value></attribute> <attribute><attribute_name>Hajtókar jobb</attribute_name><attribute_value>KTM E-TEAM ISIS 170mm Q16 </attribute_value></attribute> <attribute><attribute_name>Középcsapágy</attribute_name><attribute_value> </attribute_value></attribute> <attribute><attribute_name>Lánckerék</attribute_name><attribute_value>FSA steel 42T Direct Mount </attribute_value></attribute> <attribute><attribute_name>Fogaskoszorú</attribute_name><attribute_value>Shimano LG400-11 / 11-50 </attribute_value></attribute> <attribute><attribute_name>Lánc</attribute_name><attribute_value>KMC e11 Sport EPT e-bike </attribute_value></attribute> <attribute><attribute_name>Első fék</attribute_name><attribute_value>Shimano MT402 (3-F) / MT420 4-Piston </attribute_value></attribute> <attribute><attribute_name>Hátsó fék</attribute_name><attribute_value>Shimano MT402 (3-F) / MT420 4-Piston </attribute_value></attribute> <attribute><attribute_name>Első féktárcsa</attribute_name><attribute_value>Shimano RT64 CL 180 </attribute_value></attribute> <attribute><attribute_name>Hátsó féktárcsa</attribute_name><attribute_value>Shimano EM600 CL 160 magnet </attribute_value></attribute> <attribute><attribute_name>Első kerék</attribute_name><attribute_value> </attribute_value></attribute> <attribute><attribute_name>Első felni</attribute_name><attribute_value>Ambrosio Sport 25 32H 622x25TC </attribute_value></attribute> <attribute><attribute_name>Első agy</attribute_name><attribute_value>Shimano Deore M5100 CL 32H 100-5QR </attribute_value></attribute> <attribute><attribute_name>Első küllők</attribute_name><attribute_value>DT Champion 2.0 black </attribute_value></attribute> <attribute><attribute_name>Hátsó kerék</attribute_name><attribute_value> </attribute_value></attribute> <attribute><attribute_name>Hátsó felni</attribute_name><attribute_value>Ambrosio Sport 25 32H 622x25TC </attribute_value></attribute> <attribute><attribute_name>Hátsó agy</attribute_name><attribute_value>Shimano Deore M5100 CL 32H 135-5QR </attribute_value></attribute> <attribute><attribute_name>Hátsó küllők</attribute_name><attribute_value>DT Alpine II 2.34 black </attribute_value></attribute> <attribute><attribute_name>Első gumi</attribute_name><attribute_value>Schwalbe Energizer Plus Perf. GreenGuard 50-622 Reflex </attribute_value></attribute> <attribute><attribute_name>Hátsó gumi</attribute_name><attribute_value>Schwalbe Energizer Plus Perf. GreenGuard 50-622 Reflex </attribute_value></attribute> <attribute><attribute_name>Markolat</attribute_name><attribute_value>Ergon GP30 </attribute_value></attribute> <attribute><attribute_name>Kormány</attribute_name><attribute_value>KTM Line rizer20 640mm </attribute_value></attribute> <attribute><attribute_name>Kormányszár</attribute_name><attribute_value>KTM adjust. 0-60° ICR </attribute_value></attribute> <attribute><attribute_name>Kormánycsapágy</attribute_name><attribute_value>Acros AICR internal 1.5\"-1.5\" </attribute_value></attribute> <attribute><attribute_name>Nyereg</attribute_name><attribute_value>Selle Royal Lookin Evo </attribute_value></attribute> <attribute><attribute_name>Nyeregcső</attribute_name><attribute_value>Suntour SP25-NCX suspension 30.9/350 </attribute_value></attribute> <attribute><attribute_name>Nyeregbilincs</attribute_name><attribute_value>KTM Line JD-SC99 - 34,9mm </attribute_value></attribute> <attribute><attribute_name>Pedál</attribute_name><attribute_value>Trekking-Pedal VP-616 anti-slip </attribute_value></attribute> <attribute><attribute_name>Hordozó</attribute_name><attribute_value>KTM tour snap-it 2.0/monkeyload|childseat + rack clip </attribute_value></attribute> <attribute><attribute_name>Első lámpa</attribute_name><attribute_value>B&M IQ-XS 80Lux </attribute_value></attribute> <attribute><attribute_name>Hátsó lámpa</attribute_name><attribute_value>B&M Toplight 2C </attribute_value></attribute> <attribute><attribute_name>Első sárvédő</attribute_name><attribute_value>SKS A55K PET Trek 28\" </attribute_value></attribute> <attribute><attribute_name>Hátsó sárvédő</attribute_name><attribute_value>SKS A55K PET Trek 28\" rear </attribute_value></attribute> <attribute><attribute_name>LáncvédőKTM type 9 for Bosch BDU38 </attribute_name><attribute_value></attribute_value></attribute> <attribute><attribute_name>Kitámasztó</attribute_name><attribute_value>KTM 28\" adjustable MY2025 </attribute_value></attribute> <attribute><attribute_name>Súly</attribute_name><attribute_value>28,8 kg</attribute_value></attribute>"
"KT10MG"	""	""	"KROSS"	"KROSS TRANS 1.0 M GREY / BLACK 2022 FÉRFI TREKKING KERÉKPÁR"	"Termékkategóriák > KERÉKPÁR > Trekking > Férfi"	"https://speedbike.hu/kross-trans-10-m-grey-black-2022-ferfi-trekking-kerekpar?utm_source=arukereso&utm_medium=cpp&utm_campaign=direct_link"	"149990"	"118102"	"https://speedbike2.cdn.shoprenter.hu/custom/speedbike2/image/cache/w1024h1024m00q100/KROSS%202021/1/kross-trans-1-2021-ferfi-trekking-kerekpar-greyblack-krtr1z28m.jpg?v=1702121269"	""	""	"5990"	""	"0"	"1"	"<attribute><attribute_name>Kerék </attribute_name><attribute_value> 28\" </attribute_value></attribute> <attribute><attribute_name>Váz </attribute_name><attribute_value> Aluminium Performance </attribute_value></attribute> <attribute><attribute_name>Váz anyaga</attribute_name><attribute_value>  alumínium </attribute_value></attribute> <attribute><attribute_name>Szín </attribute_name><attribute_value> grey / black, glossy </attribute_value></attribute> <attribute><attribute_name>Villa </attribute_name><attribute_value> Kross (30 mm) </attribute_value></attribute> <attribute><attribute_name>Váltófokozat</attribute_name><attribute_value>  21 (3x7) </attribute_value></attribute> <attribute><attribute_name>Első váltó</attribute_name><attribute_value>  Sunrace FDM300 </attribute_value></attribute> <attribute><attribute_name>Hátsó váltó </attribute_name><attribute_value> Sunrace RDM41 </attribute_value></attribute> <attribute><attribute_name>Váltókarok</attribute_name><attribute_value>  Sunrace STM406 </attribute_value></attribute> <attribute><attribute_name>Első fék </attribute_name><attribute_value> V-brake </attribute_value></attribute> <attribute><attribute_name>Hátsó fék</attribute_name><attribute_value>  V-brake </attribute_value></attribute> <attribute><attribute_name>Fékkarok </attribute_name><attribute_value> Sunrace STM406 </attribute_value></attribute> <attribute><attribute_name>Kormánycsapágy</attribute_name><attribute_value>  FP-H815 O1-1/8\" </attribute_value></attribute> <attribute><attribute_name>Hajtómű</attribute_name><attribute_value>  Wheel Top </attribute_value></attribute> <attribute><attribute_name>Középcsapágy</attribute_name><attribute_value>  FP-B902 </attribute_value></attribute> <attribute><attribute_name>Fogaskoszorú</attribute_name><attribute_value>  Sunrace MFM2A-7 </attribute_value></attribute> <attribute><attribute_name>Lánckerék </attribute_name><attribute_value> 14-28T </attribute_value></attribute> <attribute><attribute_name>Lánc </attribute_name><attribute_value> YBN S50 </attribute_value></attribute> <attribute><attribute_name>Első agy</attribute_name><attribute_value>  GL-B01F-QR </attribute_value></attribute> <attribute><attribute_name>Hátsó agy</attribute_name><attribute_value>  GL-B01R-QR </attribute_value></attribute> <attribute><attribute_name>Felnik</attribute_name><attribute_value>  Kross </attribute_value></attribute> <attribute><attribute_name>Külső gumik </attribute_name><attribute_value> Mitas Gripper V84 42-622 </attribute_value></attribute> <attribute><attribute_name>Kormány</attribute_name><attribute_value>  Steel 600 </attribute_value></attribute> <attribute><attribute_name>Stucni</attribute_name><attribute_value>  Aluminium 90/25,4 </attribute_value></attribute> <attribute><attribute_name>Markolat</attribute_name><attribute_value>  Kross Grippen </attribute_value></attribute> <attribute><attribute_name>Nyereg</attribute_name><attribute_value>  Kross D226K </attribute_value></attribute> <attribute><attribute_name>Nyeregcső</attribute_name><attribute_value>  Aluminium 27,2x350 </attribute_value></attribute> <attribute><attribute_name>Pedálok</attribute_name><attribute_value>  FP-804</attribute_value></attribute>"
"KTM-0233221xx-2023"	"MX1230065108"	""	"KTM"	"KTM MACINA TEAM XL MACHINE GREY MATT (SILVER+ORANGE) 2023 FÉRFI ELEKTROMOS MTB KERÉKPÁR"	"Termékkategóriák > E-BIKE > MTB E-BIKE"	"https://speedbike.hu/ktm-macina-team-xl-machine-grey-matt-silverorange-2023-ferfi-elektromos-mtb-kerekpar?utm_source=arukereso&utm_medium=cpp&utm_campaign=direct_link"	"1539000"	"1211811"	"https://speedbike2.cdn.shoprenter.hu/custom/speedbike2/image/cache/w1024h1024m00q100/KTM-MACINA-2023/KTMMacinaTeamXLmachinegreymatt2023.PNG?v=1708102555"	"<p><p><!--[if gte mso 9]><xml>  <o:OfficeDocumentSettings>   <o:AllowPNG/>  </o:OfficeDocumentSettings> </xml><![endif]--><!--[if gte mso 9]><xml>  <w:WordDocument>   <w:View>Normal</w:View>   <w:Zoom>0</w:Zoom>   <w:TrackMoves/>   <w:TrackFormatting/>   <w:HyphenationZone>21</w:HyphenationZone>   <w:PunctuationKerning/>   <w:ValidateAgainstSchemas/>   <w:SaveIfXMLInvalid>false</w:SaveIfXMLInvalid>   <w:IgnoreMixedContent>false</w:IgnoreMixedContent>   <w:AlwaysShowPlaceholderText>false</w:AlwaysShowPlaceholderText>   <w:DoNotPromoteQF/>   <w:LidThemeOther>HU</w:LidThemeOther>   <w:LidThemeAsian>X-NONE</w:LidThemeAsian>   <w:LidThemeComplexScript>X-NONE</w:LidThemeComplexScript>   <w:Compatibility>    <w:BreakWrappedTables/>    <w:SnapToGridInCell/>    <w:WrapTextWithPunct/>    <w:UseAsianBreakRules/>    <w:DontGrowAutofit/>    <w:SplitPgBreakAndParaMark/>    <w:EnableOpenTypeKerning/>    <w:DontFlipMirrorIndents/>    <w:OverrideTableStyleHps/>   </w:Compatibility>   <m:mathPr>    <m:mathFont m:val=\"Cambria Math\"/>    <m:brkBin m:val=\"before\"/>    <m:brkBinSub m:val=\"--\"/>    <m:smallFrac m:val=\"off\"/>    <m:dispDef/>    <m:lMargin m:val=\"0\"/>    <m:rMargin m:val=\"0\"/>    <m:defJc m:val=\"centerGroup\"/>    <m:wrapIndent m:val=\"1440\"/>    <m:intLim m:val=\"subSup\"/>    <m:naryLim m:val=\"undOvr\"/>   </m:mathPr></w:WordDocument> </xml><![endif]--><!--[if gte mso 9]><xml>  <w:LatentStyles DefLockedState=\"false\" DefUnhideWhenUsed=\"false\"   DefSemiHidden=\"false\" DefQFormat=\"false\" DefPriority=\"99\"   LatentStyleCount=\"376\">   <w:LsdException Locked=\"false\" Priority=\"0\" QFormat=\"true\" Name=\"Normal\"/>   <w:LsdException Locked=\"false\" Priority=\"9\" QFormat=\"true\" Name=\"heading 1\"/>   <w:LsdException Locked=\"false\" Priority=\"9\" SemiHidden=\"true\"    UnhideWhenUsed=\"true\" QFormat=\"true\" Name=\"heading 2\"/>   <w:LsdException Locked=\"false\" Priority=\"9\" SemiHidden=\"true\"    UnhideWhenUsed=\"true\" QFormat=\"true\" Name=\"heading 3\"/>   <w:LsdException Locked=\"false\" Priority=\"9\" SemiHidden=\"true\"    UnhideWhenUsed=\"true\" QFormat=\"true\" Name=\"heading 4\"/>   <w:LsdException Locked=\"false\" Priority=\"9\" SemiHidden=\"true\"    UnhideWhenUsed=\"true\" QFormat=\"true\" Name=\"heading 5\"/>   <w:LsdException Locked=\"false\" Priority=\"9\" SemiHidden=\"true\"    UnhideWhenUsed=\"true\" QFormat=\"true\" Name=\"heading 6\"/>   <w:LsdException Locked=\"false\" Priority=\"9\" SemiHidden=\"true\"    UnhideWhenUsed=\"true\" QFormat=\"true\" Name=\"heading 7\"/>   <w:LsdException Locked=\"false\" Priority=\"9\" SemiHidden=\"true\"    UnhideWhenUsed=\"true\" QFormat=\"true\" Name=\"heading 8\"/>   <w:LsdException Locked=\"false\" Priority=\"9\" SemiHidden=\"true\"    UnhideWhenUsed=\"true\" QFormat=\"true\" Name=\"heading 9\"/>   <w:LsdException Locked=\"false\" SemiHidden=\"true\" UnhideWhenUsed=\"true\"    Name=\"index 1\"/>   <w:LsdException Locked=\"false\" SemiHidden=\"true\" UnhideWhenUsed=\"true\"    Name=\"index 2\"/>   <w:LsdException Locked=\"false\" SemiHidden=\"true\" UnhideWhenUsed=\"true\"    Name=\"index 3\"/>   <w:LsdException Locked=\"false\" SemiHidden=\"true\" UnhideWhenUsed=\"true\"    Name=\"index 4\"/>   <w:LsdException Locked=\"false\" SemiHidden=\"true\" UnhideWhenUsed=\"true\"    Name=\"index 5\"/>   <w:LsdException Locked=\"false\" SemiHidden=\"true\" UnhideWhenUsed=\"true\"    Name=\"index 6\"/>   <w:LsdException Locked=\"false\" SemiHidden=\"true\" UnhideWhenUsed=\"true\"    Name=\"index 7\"/>   <w:LsdException Locked=\"false\" SemiHidden=\"true\" UnhideWhenUsed=\"true\"    Name=\"index 8\"/>   <w:LsdException Locked=\"false\" SemiHidden=\"true\" UnhideWhenUsed=\"true\"    Name=\"index 9\"/>   <w:LsdException Locked=\"false\" Priority=\"39\" SemiHidden=\"true\"    UnhideWhenUsed=\"true\" Name=\"toc 1\"/>   <w:LsdException Locked=\"false\" Priority=\"39\" SemiHidden=\"true\"    UnhideWhenUsed=\"true\" Name=\"toc 2\"/>   <w:LsdException Locked=\"false\" Priority=\"39\" SemiHidden=\"true\"    UnhideWhenUsed=\"true\" Name=\"toc 3\"/>   <w:LsdException Locked=\"false\" Priority=\"39\" SemiHidden=\"true\"    UnhideWhenUsed=\"true\" Name=\"toc 4\"/>   <w:LsdException Locked=\"false\" Priority=\"39\" SemiHidden=\"true\"    UnhideWhenUsed=\"true\" Name=\"toc 5\"/>   <w:LsdException Locked=\"false\" Priority=\"39\" SemiHidden=\"true\"    UnhideWhenUsed=\"true\" Name=\"toc 6\"/>   <w:LsdException Locked=\"false\" Priority=\"39\" SemiHidden=\"true\"    UnhideWhenUsed=\"true\" Name=\"toc 7\"/>   <w:LsdException Locked=\"false\" Priority=\"39\" SemiHidden=\"true\"    UnhideWhenUsed=\"true\" Name=\"toc 8\"/>   <w:LsdException Locked=\"false\" Priority=\"39\" SemiHidden=\"true\"    UnhideWhenUsed=\"true\" Name=\"toc 9\"/>   <w:LsdException Locked=\"false\" SemiHidden=\"true\" UnhideWhenUsed=\"true\"    Name=\"Normal Indent\"/>   <w:LsdException Locked=\"false\" SemiHidden=\"true\" UnhideWhenUsed=\"true\"    Name=\"footnote text\"/>   <w:LsdException Locked=\"false\" SemiHidden=\"true\" UnhideWhenUsed=\"true\"    Name=\"annotation text\"/>   <w:LsdException Locked=\"false\" SemiHidden=\"true\" UnhideWhenUsed=\"true\"    Name=\"header\"/>   <w:LsdException Locked=\"false\" SemiHidden=\"true\" UnhideWhenUsed=\"true\"    Name=\"footer\"/>   <w:LsdException Locked=\"false\" SemiHidden=\"true\" UnhideWhenUsed=\"true\"    Name=\"index heading\"/>   <w:LsdException Locked=\"false\" Priority=\"35\" SemiHidden=\"true\"    UnhideWhenUsed=\"true\" QFormat=\"true\" Name=\"caption\"/>   <w:LsdException Locked=\"false\" SemiHidden=\"true\" UnhideWhenUsed=\"true\"    Name=\"table of figures\"/>   <w:LsdException Locked=\"false\" SemiHidden=\"true\" UnhideWhenUsed=\"true\"    Name=\"envelope address\"/>   <w:LsdException Locked=\"false\" SemiHidden=\"true\" UnhideWhenUsed=\"true\"    Name=\"envelope return\"/>   <w:LsdException Locked=\"false\" SemiHidden=\"true\" UnhideWhenUsed=\"true\"    Name=\"footnote reference\"/>   <w:LsdException Locked=\"false\" SemiHidden=\"true\" UnhideWhenUsed=\"true\"    Name=\"annotation reference\"/>   <w:LsdException Locked=\"false\" SemiHidden=\"true\" UnhideWhenUsed=\"true\"    Name=\"line number\"/>   <w:LsdException Locked=\"false\" SemiHidden=\"true\" UnhideWhenUsed=\"true\"    Name=\"page number\"/>   <w:LsdException Locked=\"false\" SemiHidden=\"true\" UnhideWhenUsed=\"true\"    Name=\"endnote reference\"/>   <w:LsdException Locked=\"false\" SemiHidden=\"true\" UnhideWhenUsed=\"true\"    Name=\"endnote text\"/>   <w:LsdException Locked=\"false\" SemiHidden=\"true\" UnhideWhenUsed=\"true\"    Name=\"table of authorities\"/>   <w:LsdException Locked=\"false\" SemiHidden=\"true\" UnhideWhenUsed=\"true\"    Name=\"macro\"/>   <w:LsdException Locked=\"false\" SemiHidden=\"true\" UnhideWhenUsed=\"true\"    Name=\"toa heading\"/>   <w:LsdException Locked=\"false\" SemiHidden=\"true\" UnhideWhenUsed=\"true\"    Name=\"List\"/>   <w:LsdException Locked=\"false\" SemiHidden=\"true\" UnhideWhenUsed=\"true\"    Name=\"List Bullet\"/>   <w:LsdException Locked=\"false\" SemiHidden=\"true\" UnhideWhenUsed=\"true\"    Name=\"List Number\"/>   <w:LsdException Locked=\"false\" SemiHidden=\"true\" UnhideWhenUsed=\"true\"    Name=\"List 2\"/>   <w:LsdException Locked=\"false\" SemiHidden=\"true\" UnhideWhenUsed=\"true\"    Name=\"List 3\"/>   <w:LsdException Locked=\"false\" SemiHidden=\"true\" UnhideWhenUsed=\"true\"    Name=\"List 4\"/>   <w:LsdException Locked=\"false\" SemiHidden=\"true\" UnhideWhenUsed=\"true\"    Name=\"List 5\"/>   <w:LsdException Locked=\"false\" SemiHidden=\"true\" UnhideWhenUsed=\"true\"    Name=\"List Bullet 2\"/>   <w:LsdException Locked=\"false\" SemiHidden=\"true\" UnhideWhenUsed=\"true\"    Name=\"List Bullet 3\"/>   <w:LsdException Locked=\"false\" SemiHidden=\"true\" UnhideWhenUsed=\"true\"    Name=\"List Bullet 4\"/>   <w:LsdException Locked=\"false\" SemiHidden=\"true\" UnhideWhenUsed=\"true\"    Name=\"List Bullet 5\"/>   <w:LsdException Locked=\"false\" SemiHidden=\"true\" UnhideWhenUsed=\"true\"    Name=\"List Number 2\"/>   <w:LsdException Locked=\"false\" SemiHidden=\"true\" UnhideWhenUsed=\"true\"    Name=\"List Number 3\"/>   <w:LsdException Locked=\"false\" SemiHidden=\"true\" UnhideWhenUsed=\"true\"    Name=\"List Number 4\"/>   <w:LsdException Locked=\"false\" SemiHidden=\"true\" UnhideWhenUsed=\"true\"    Name=\"List Number 5\"/>   <w:LsdException Locked=\"false\" Priority=\"10\" QFormat=\"true\" Name=\"Title\"/>   <w:LsdException Locked=\"false\" SemiHidden=\"true\" UnhideWhenUsed=\"true\"    Name=\"Closing\"/>   <w:LsdException Locked=\"false\" SemiHidden=\"true\" UnhideWhenUsed=\"true\"    Name=\"Signature\"/>   <w:LsdException Locked=\"false\" Priority=\"1\" SemiHidden=\"true\"    UnhideWhenUsed=\"true\" Name=\"Default Paragraph Font\"/>   <w:LsdException Locked=\"false\" SemiHidden=\"true\" UnhideWhenUsed=\"true\"    Name=\"Body Text\"/>   <w:LsdException Locked=\"false\" SemiHidden=\"true\" UnhideWhenUsed=\"true\"    Name=\"Body Text Indent\"/>   <w:LsdException Locked=\"false\" SemiHidden=\"true\" UnhideWhenUsed=\"true\"    Name=\"List Continue\"/>   <w:LsdException Locked=\"false\" SemiHidden=\"true\" UnhideWhenUsed=\"true\"    Name=\"List Continue 2\"/>   <w:LsdException Locked=\"false\" SemiHidden=\"true\" UnhideWhenUsed=\"true\"    Name=\"List Continue 3\"/>   <w:LsdException Locked=\"false\" SemiHidden=\"true\" UnhideWhenUsed=\"true\"    Name=\"List Continue 4\"/>   <w:LsdException Locked=\"false\" SemiHidden=\"true\" UnhideWhenUsed=\"true\"    Name=\"List Continue 5\"/>   <w:LsdException Locked=\"false\" SemiHidden=\"true\" UnhideWhenUsed=\"true\"    Name=\"Message Header\"/>   <w:LsdException Locked=\"false\" Priority=\"11\" QFormat=\"true\" Name=\"Subtitle\"/>   <w:LsdException Locked=\"false\" SemiHidden=\"true\" UnhideWhenUsed=\"true\"    Name=\"Salutation\"/>   <w:LsdException Locked=\"false\" SemiHidden=\"true\" UnhideWhenUsed=\"true\"    Name=\"Date\"/>   <w:LsdException Locked=\"false\" SemiHidden=\"true\" UnhideWhenUsed=\"true\"    Name=\"Body Text First Indent\"/>   <w:LsdException Locked=\"false\" SemiHidden=\"true\" UnhideWhenUsed=\"true\"    Name=\"Body Text First Indent 2\"/>   <w:LsdException Locked=\"false\" SemiHidden=\"true\" UnhideWhenUsed=\"true\"    Name=\"Note Heading\"/>   <w:LsdException Locked=\"false\" SemiHidden=\"true\" UnhideWhenUsed=\"true\"    Name=\"Body Text 2\"/>   <w:LsdException Locked=\"false\" SemiHidden=\"true\" UnhideWhenUsed=\"true\"    Name=\"Body Text 3\"/>   <w:LsdException Locked=\"false\" SemiHidden=\"true\" UnhideWhenUsed=\"true\"    Name=\"Body Text Indent 2\"/>   <w:LsdException Locked=\"false\" SemiHidden=\"true\" UnhideWhenUsed=\"true\"    Name=\"Body Text Indent 3\"/>   <w:LsdException Locked=\"false\" SemiHidden=\"true\" UnhideWhenUsed=\"true\"    Name=\"Block Text\"/>   <w:LsdException Locked=\"false\" SemiHidden=\"true\" UnhideWhenUsed=\"true\"    Name=\"Hyperlink\"/>   <w:LsdException Locked=\"false\" SemiHidden=\"true\" UnhideWhenUsed=\"true\"    Name=\"FollowedHyperlink\"/>   <w:LsdException Locked=\"false\" Priority=\"22\" QFormat=\"true\" Name=\"Strong\"/>   <w:LsdException Locked=\"false\" Priority=\"20\" QFormat=\"true\" Name=\"Emphasis\"/>   <w:LsdException Locked=\"false\" SemiHidden=\"true\" UnhideWhenUsed=\"true\"    Name=\"Document Map\"/>   <w:LsdException Locked=\"false\" SemiHidden=\"true\" UnhideWhenUsed=\"true\"    Name=\"Plain Text\"/>   <w:LsdException Locked=\"false\" SemiHidden=\"true\" UnhideWhenUsed=\"true\"    Name=\"E-mail Signature\"/>   <w:LsdException Locked=\"false\" SemiHidden=\"true\" UnhideWhenUsed=\"true\"    Name=\"HTML Top of Form\"/>   <w:LsdException Locked=\"false\" SemiHidden=\"true\" UnhideWhenUsed=\"true\"    Name=\"HTML Bottom of Form\"/>   <w:LsdException Locked=\"false\" SemiHidden=\"true\" UnhideWhenUsed=\"true\"    Name=\"Normal (Web)\"/>   <w:LsdException Locked=\"false\" SemiHidden=\"true\" UnhideWhenUsed=\"true\"    Name=\"HTML Acronym\"/>   <w:LsdException Locked=\"false\" SemiHidden=\"true\" UnhideWhenUsed=\"true\"    Name=\"HTML Address\"/>   <w:LsdException Locked=\"false\" SemiHidden=\"true\" UnhideWhenUsed=\"true\"    Name=\"HTML Cite\"/>   <w:LsdException Locked=\"false\" SemiHidden=\"true\" UnhideWhenUsed=\"true\"    Name=\"HTML Code\"/>   <w:LsdException Locked=\"false\" SemiHidden=\"true\" UnhideWhenUsed=\"true\"    Name=\"HTML Definition\"/>   <w:LsdException Locked=\"false\" SemiHidden=\"true\" UnhideWhenUsed=\"true\"    Name=\"HTML Keyboard\"/>   <w:LsdException Locked=\"false\" SemiHidden=\"true\" UnhideWhenUsed=\"true\"    Name=\"HTML Preformatted\"/>   <w:LsdException Locked=\"false\" SemiHidden=\"true\" UnhideWhenUsed=\"true\"    Name=\"HTML Sample\"/>   <w:LsdException Locked=\"false\" SemiHidden=\"true\" UnhideWhenUsed=\"true\"    Name=\"HTML Typewriter\"/>   <w:LsdException Locked=\"false\" SemiHidden=\"true\" UnhideWhenUsed=\"true\"    Name=\"HTML Variable\"/>   <w:LsdException Locked=\"false\" SemiHidden=\"true\" UnhideWhenUsed=\"true\"    Name=\"Normal Table\"/>   <w:LsdException Locked=\"false\" SemiHidden=\"true\" UnhideWhenUsed=\"true\"    Name=\"annotation subject\"/>   <w:LsdException Locked=\"false\" SemiHidden=\"true\" UnhideWhenUsed=\"true\"    Name=\"No List\"/>   <w:LsdException Locked=\"false\" SemiHidden=\"true\" UnhideWhenUsed=\"true\"    Name=\"Outline List 1\"/>   <w:LsdException Locked=\"false\" SemiHidden=\"true\" UnhideWhenUsed=\"true\"    Name=\"Outline List 2\"/>   <w:LsdException Locked=\"false\" SemiHidden=\"true\" UnhideWhenUsed=\"true\"    Name=\"Outline List 3\"/>   <w:LsdException Locked=\"false\" SemiHidden=\"true\" UnhideWhenUsed=\"true\"    Name=\"Table Simple 1\"/>   <w:LsdException Locked=\"false\" SemiHidden=\"true\" UnhideWhenUsed=\"true\"    Name=\"Table Simple 2\"/>   <w:LsdException Locked=\"false\" SemiHidden=\"true\" UnhideWhenUsed=\"true\"    Name=\"Table Simple 3\"/>   <w:LsdException Locked=\"false\" SemiHidden=\"true\" UnhideWhenUsed=\"true\"    Name=\"Table Classic 1\"/>   <w:LsdException Locked=\"false\" SemiHidden=\"true\" UnhideWhenUsed=\"true\"    Name=\"Table Classic 2\"/>   <w:LsdException Locked=\"false\" SemiHidden=\"true\" UnhideWhenUsed=\"true\"    Name=\"Table Classic 3\"/>   <w:LsdException Locked=\"false\" SemiHidden=\"true\" UnhideWhenUsed=\"true\"    Name=\"Table Classic 4\"/>   <w:LsdException Locked=\"false\" SemiHidden=\"true\" UnhideWhenUsed=\"true\"    Name=\"Table Colorful 1\"/>   <w:LsdException Locked=\"false\" SemiHidden=\"true\" UnhideWhenUsed=\"true\"    Name=\"Table Colorful 2\"/>   <w:LsdException Locked=\"false\" SemiHidden=\"true\" UnhideWhenUsed=\"true\"    Name=\"Table Colorful 3\"/>   <w:LsdException Locked=\"false\" SemiHidden=\"true\" UnhideWhenUsed=\"true\"    Name=\"Table Columns 1\"/>   <w:LsdException Locked=\"false\" SemiHidden=\"true\" UnhideWhenUsed=\"true\"    Name=\"Table Columns 2\"/>   <w:LsdException Locked=\"false\" SemiHidden=\"true\" UnhideWhenUsed=\"true\"    Name=\"Table Columns 3\"/>   <w:LsdException Locked=\"false\" SemiHidden=\"true\" UnhideWhenUsed=\"true\"    Name=\"Table Columns 4\"/>   <w:LsdException Locked=\"false\" SemiHidden=\"true\" UnhideWhenUsed=\"true\"    Name=\"Table Columns 5\"/>   <w:LsdException Locked=\"false\" SemiHidden=\"true\" UnhideWhenUsed=\"true\"    Name=\"Table Grid 1\"/>   <w:LsdException Locked=\"false\" SemiHidden=\"true\" UnhideWhenUsed=\"true\"    Name=\"Table Grid 2\"/>   <w:LsdException Locked=\"false\" SemiHidden=\"true\" UnhideWhenUsed=\"true\"    Name=\"Table Grid 3\"/>   <w:LsdException Locked=\"false\" SemiHidden=\"true\" UnhideWhenUsed=\"true\"    Name=\"Table Grid 4\"/>   <w:LsdException Locked=\"false\" SemiHidden=\"true\" UnhideWhenUsed=\"true\"    Name=\"Table Grid 5\"/>   <w:LsdException Locked=\"false\" SemiHidden=\"true\" UnhideWhenUsed=\"true\"    Name=\"Table Grid 6\"/>   <w:LsdException Locked=\"false\" SemiHidden=\"true\" UnhideWhenUsed=\"true\"    Name=\"Table Grid 7\"/>   <w:LsdException Locked=\"false\" SemiHidden=\"true\" UnhideWhenUsed=\"true\"    Name=\"Table Grid 8\"/>   <w:LsdException Locked=\"false\" SemiHidden=\"true\" UnhideWhenUsed=\"true\"    Name=\"Table List 1\"/>   <w:LsdException Locked=\"false\" SemiHidden=\"true\" UnhideWhenUsed=\"true\"    Name=\"Table List 2\"/>   <w:LsdException Locked=\"false\" SemiHidden=\"true\" UnhideWhenUsed=\"true\"    Name=\"Table List 3\"/>   <w:LsdException Locked=\"false\" SemiHidden=\"true\" UnhideWhenUsed=\"true\"    Name=\"Table List 4\"/>   <w:LsdException Locked=\"false\" SemiHidden=\"true\" UnhideWhenUsed=\"true\"    Name=\"Table List 5\"/>   <w:LsdException Locked=\"false\" SemiHidden=\"true\" UnhideWhenUsed=\"true\"    Name=\"Table List 6\"/>   <w:LsdException Locked=\"false\" SemiHidden=\"true\" UnhideWhenUsed=\"true\"    Name=\"Table List 7\"/>   <w:LsdException Locked=\"false\" SemiHidden=\"true\" UnhideWhenUsed=\"true\"    Name=\"Table List 8\"/>   <w:LsdException Locked=\"false\" SemiHidden=\"true\" UnhideWhenUsed=\"true\"    Name=\"Table 3D effects 1\"/>   <w:LsdException Locked=\"false\" SemiHidden=\"true\" UnhideWhenUsed=\"true\"    Name=\"Table 3D effects 2\"/>   <w:LsdException Locked=\"false\" SemiHidden=\"true\" UnhideWhenUsed=\"true\"    Name=\"Table 3D effects 3\"/>   <w:LsdException Locked=\"false\" SemiHidden=\"true\" UnhideWhenUsed=\"true\"    Name=\"Table Contemporary\"/>   <w:LsdException Locked=\"false\" SemiHidden=\"true\" UnhideWhenUsed=\"true\"    Name=\"Table Elegant\"/>   <w:LsdException Locked=\"false\" SemiHidden=\"true\" UnhideWhenUsed=\"true\"    Name=\"Table Professional\"/>   <w:LsdException Locked=\"false\" SemiHidden=\"true\" UnhideWhenUsed=\"true\"    Name=\"Table Subtle 1\"/>   <w:LsdException Locked=\"false\" SemiHidden=\"true\" UnhideWhenUsed=\"true\"    Name=\"Table Subtle 2\"/>   <w:LsdException Locked=\"false\" SemiHidden=\"true\" UnhideWhenUsed=\"true\"    Name=\"Table Web 1\"/>   <w:LsdException Locked=\"false\" SemiHidden=\"true\" UnhideWhenUsed=\"true\"    Name=\"Table Web 2\"/>   <w:LsdException Locked=\"false\" SemiHidden=\"true\" UnhideWhenUsed=\"true\"    Name=\"Table Web 3\"/>   <w:LsdException Locked=\"false\" SemiHidden=\"true\" UnhideWhenUsed=\"true\"    Name=\"Balloon Text\"/>   <w:LsdException Locked=\"false\" Priority=\"39\" Name=\"Table Grid\"/>   <w:LsdException Locked=\"false\" SemiHidden=\"true\" UnhideWhenUsed=\"true\"    Name=\"Table Theme\"/>   <w:LsdException Locked=\"false\" SemiHidden=\"true\" Name=\"Placeholder Text\"/>   <w:LsdException Locked=\"false\" Priority=\"1\" QFormat=\"true\" Name=\"No Spacing\"/>   <w:LsdException Locked=\"false\" Priority=\"60\" Name=\"Light Shading\"/>   <w:LsdException Locked=\"false\" Priority=\"61\" Name=\"Light List\"/>   <w:LsdException Locked=\"false\" Priority=\"62\" Name=\"Light Grid\"/>   <w:LsdException Locked=\"false\" Priority=\"63\" Name=\"Medium Shading 1\"/>   <w:LsdException Locked=\"false\" Priority=\"64\" Name=\"Medium Shading 2\"/>   <w:LsdException Locked=\"false\" Priority=\"65\" Name=\"Medium List 1\"/>   <w:LsdException Locked=\"false\" Priority=\"66\" Name=\"Medium List 2\"/>   <w:LsdException Locked=\"false\" Priority=\"67\" Name=\"Medium Grid 1\"/>   <w:LsdException Locked=\"false\" Priority=\"68\" Name=\"Medium Grid 2\"/>   <w:LsdException Locked=\"false\" Priority=\"69\" Name=\"Medium Grid 3\"/>   <w:LsdException Locked=\"false\" Priority=\"70\" Name=\"Dark List\"/>   <w:LsdException Locked=\"false\" Priority=\"71\" Name=\"Colorful Shading\"/>   <w:LsdException Locked=\"false\" Priority=\"72\" Name=\"Colorful List\"/>   <w:LsdException Locked=\"false\" Priority=\"73\" Name=\"Colorful Grid\"/>   <w:LsdException Locked=\"false\" Priority=\"60\" Name=\"Light Shading Accent 1\"/>   <w:LsdException Locked=\"false\" Priority=\"61\" Name=\"Light List Accent 1\"/>   <w:LsdException Locked=\"false\" Priority=\"62\" Name=\"Light Grid Accent 1\"/>   <w:LsdException Locked=\"false\" Priority=\"63\" Name=\"Medium Shading 1 Accent 1\"/>   <w:LsdException Locked=\"false\" Priority=\"64\" Name=\"Medium Shading 2 Accent 1\"/>   <w:LsdException Locked=\"false\" Priority=\"65\" Name=\"Medium List 1 Accent 1\"/>   <w:LsdException Locked=\"false\" SemiHidden=\"true\" Name=\"Revision\"/>   <w:LsdException Locked=\"false\" Priority=\"34\" QFormat=\"true\"    Name=\"List Paragraph\"/>   <w:LsdException Locked=\"false\" Priority=\"29\" QFormat=\"true\" Name=\"Quote\"/>   <w:LsdException Locked=\"false\" Priority=\"30\" QFormat=\"true\"    Name=\"Intense Quote\"/>   <w:LsdException Locked=\"false\" Priority=\"66\" Name=\"Medium List 2 Accent 1\"/>   <w:LsdException Locked=\"false\" Priority=\"67\" Name=\"Medium Grid 1 Accent 1\"/>   <w:LsdException Locked=\"false\" Priority=\"68\" Name=\"Medium Grid 2 Accent 1\"/>   <w:LsdException Locked=\"false\" Priority=\"69\" Name=\"Medium Grid 3 Accent 1\"/>   <w:LsdException Locked=\"false\" Priority=\"70\" Name=\"Dark List Accent 1\"/>   <w:LsdException Locked=\"false\" Priority=\"71\" Name=\"Colorful Shading Accent 1\"/>   <w:LsdException Locked=\"false\" Priority=\"72\" Name=\"Colorful List Accent 1\"/>   <w:LsdException Locked=\"false\" Priority=\"73\" Name=\"Colorful Grid Accent 1\"/>   <w:LsdException Locked=\"false\" Priority=\"60\" Name=\"Light Shading Accent 2\"/>   <w:LsdException Locked=\"false\" Priority=\"61\" Name=\"Light List Accent 2\"/>   <w:LsdException Locked=\"false\" Priority=\"62\" Name=\"Light Grid Accent 2\"/>   <w:LsdException Locked=\"false\" Priority=\"63\" Name=\"Medium Shading 1 Accent 2\"/>   <w:LsdException Locked=\"false\" Priority=\"64\" Name=\"Medium Shading 2 Accent 2\"/>   <w:LsdException Locked=\"false\" Priority=\"65\" Name=\"Medium List 1 Accent 2\"/>   <w:LsdException Locked=\"false\" Priority=\"66\" Name=\"Medium List 2 Accent 2\"/>   <w:LsdException Locked=\"false\" Priority=\"67\" Name=\"Medium Grid 1 Accent 2\"/>   <w:LsdException Locked=\"false\" Priority=\"68\" Name=\"Medium Grid 2 Accent 2\"/>   <w:LsdException Locked=\"false\" Priority=\"69\" Name=\"Medium Grid 3 Accent 2\"/>   <w:LsdException Locked=\"false\" Priority=\"70\" Name=\"Dark List Accent 2\"/>   <w:LsdException Locked=\"false\" Priority=\"71\" Name=\"Colorful Shading Accent 2\"/>   <w:LsdException Locked=\"false\" Priority=\"72\" Name=\"Colorful List Accent 2\"/>   <w:LsdException Locked=\"false\" Priority=\"73\" Name=\"Colorful Grid Accent 2\"/>   <w:LsdException Locked=\"false\" Priority=\"60\" Name=\"Light Shading Accent 3\"/>   <w:LsdException Locked=\"false\" Priority=\"61\" Name=\"Light List Accent 3\"/>   <w:LsdException Locked=\"false\" Priority=\"62\" Name=\"Light Grid Accent 3\"/>   <w:LsdException Locked=\"false\" Priority=\"63\" Name=\"Medium Shading 1 Accent 3\"/>   <w:LsdException Locked=\"false\" Priority=\"64\" Name=\"Medium Shading 2 Accent 3\"/>   <w:LsdException Locked=\"false\" Priority=\"65\" Name=\"Medium List 1 Accent 3\"/>   <w:LsdException Locked=\"false\" Priority=\"66\" Name=\"Medium List 2 Accent 3\"/>   <w:LsdException Locked=\"false\" Priority=\"67\" Name=\"Medium Grid 1 Accent 3\"/>   <w:LsdException Locked=\"false\" Priority=\"68\" Name=\"Medium Grid 2 Accent 3\"/>   <w:LsdException Locked=\"false\" Priority=\"69\" Name=\"Medium Grid 3 Accent 3\"/>   <w:LsdException Locked=\"false\" Priority=\"70\" Name=\"Dark List Accent 3\"/>   <w:LsdException Locked=\"false\" Priority=\"71\" Name=\"Colorful Shading Accent 3\"/>   <w:LsdException Locked=\"false\" Priority=\"72\" Name=\"Colorful List Accent 3\"/>   <w:LsdException Locked=\"false\" Priority=\"73\" Name=\"Colorful Grid Accent 3\"/>   <w:LsdException Locked=\"false\" Priority=\"60\" Name=\"Light Shading Accent 4\"/>   <w:LsdException Locked=\"false\" Priority=\"61\" Name=\"Light List Accent 4\"/>   <w:LsdException Locked=\"false\" Priority=\"62\" Name=\"Light Grid Accent 4\"/>   <w:LsdException Locked=\"false\" Priority=\"63\" Name=\"Medium Shading 1 Accent 4\"/>   <w:LsdException Locked=\"false\" Priority=\"64\" Name=\"Medium Shading 2 Accent 4\"/>   <w:LsdException Locked=\"false\" Priority=\"65\" Name=\"Medium List 1 Accent 4\"/>   <w:LsdException Locked=\"false\" Priority=\"66\" Name=\"Medium List 2 Accent 4\"/>   <w:LsdException Locked=\"false\" Priority=\"67\" Name=\"Medium Grid 1 Accent 4\"/>   <w:LsdException Locked=\"false\" Priority=\"68\" Name=\"Medium Grid 2 Accent 4\"/>   <w:LsdException Locked=\"false\" Priority=\"69\" Name=\"Medium Grid 3 Accent 4\"/>   <w:LsdException Locked=\"false\" Priority=\"70\" Name=\"Dark List Accent 4\"/>   <w:LsdException Locked=\"false\" Priority=\"71\" Name=\"Colorful Shading Accent 4\"/>   <w:LsdException Locked=\"false\" Priority=\"72\" Name=\"Colorful List Accent 4\"/>   <w:LsdException Locked=\"false\" Priority=\"73\" Name=\"Colorful Grid Accent 4\"/>   <w:LsdException Locked=\"false\" Priority=\"60\" Name=\"Light Shading Accent 5\"/>   <w:LsdException Locked=\"false\" Priority=\"61\" Name=\"Light List Accent 5\"/>   <w:LsdException Locked=\"false\" Priority=\"62\" Name=\"Light Grid Accent 5\"/>   <w:LsdException Locked=\"false\" Priority=\"63\" Name=\"Medium Shading 1 Accent 5\"/>   <w:LsdException Locked=\"false\" Priority=\"64\" Name=\"Medium Shading 2 Accent 5\"/>   <w:LsdException Locked=\"false\" Priority=\"65\" Name=\"Medium List 1 Accent 5\"/>   <w:LsdException Locked=\"false\" Priority=\"66\" Name=\"Medium List 2 Accent 5\"/>   <w:LsdException Locked=\"false\" Priority=\"67\" Name=\"Medium Grid 1 Accent 5\"/>   <w:LsdException Locked=\"false\" Priority=\"68\" Name=\"Medium Grid 2 Accent 5\"/>   <w:LsdException Locked=\"false\" Priority=\"69\" Name=\"Medium Grid 3 Accent 5\"/>   <w:LsdException Locked=\"false\" Priority=\"70\" Name=\"Dark List Accent 5\"/>   <w:LsdException Locked=\"false\" Priority=\"71\" Name=\"Colorful Shading Accent 5\"/>   <w:LsdException Locked=\"false\" Priority=\"72\" Name=\"Colorful List Accent 5\"/>   <w:LsdException Locked=\"false\" Priority=\"73\" Name=\"Colorful Grid Accent 5\"/>   <w:LsdException Locked=\"false\" Priority=\"60\" Name=\"Light Shading Accent 6\"/>   <w:LsdException Locked=\"false\" Priority=\"61\" Name=\"Light List Accent 6\"/>   <w:LsdException Locked=\"false\" Priority=\"62\" Name=\"Light Grid Accent 6\"/>   <w:LsdException Locked=\"false\" Priority=\"63\" Name=\"Medium Shading 1 Accent 6\"/>   <w:LsdException Locked=\"false\" Priority=\"64\" Name=\"Medium Shading 2 Accent 6\"/>   <w:LsdException Locked=\"false\" Priority=\"65\" Name=\"Medium List 1 Accent 6\"/>   <w:LsdException Locked=\"false\" Priority=\"66\" Name=\"Medium List 2 Accent 6\"/>   <w:LsdException Locked=\"false\" Priority=\"67\" Name=\"Medium Grid 1 Accent 6\"/>   <w:LsdException Locked=\"false\" Priority=\"68\" Name=\"Medium Grid 2 Accent 6\"/>   <w:LsdException Locked=\"false\" Priority=\"69\" Name=\"Medium Grid 3 Accent 6\"/>   <w:LsdException Locked=\"false\" Priority=\"70\" Name=\"Dark List Accent 6\"/>   <w:LsdException Locked=\"false\" Priority=\"71\" Name=\"Colorful Shading Accent 6\"/>   <w:LsdException Locked=\"false\" Priority=\"72\" Name=\"Colorful List Accent 6\"/>   <w:LsdException Locked=\"false\" Priority=\"73\" Name=\"Colorful Grid Accent 6\"/>   <w:LsdException Locked=\"false\" Priority=\"19\" QFormat=\"true\"    Name=\"Subtle Emphasis\"/>   <w:LsdException Locked=\"false\" Priority=\"21\" QFormat=\"true\"    Name=\"Intense Emphasis\"/>   <w:LsdException Locked=\"false\" Priority=\"31\" QFormat=\"true\"    Name=\"Subtle Reference\"/>   <w:LsdException Locked=\"false\" Priority=\"32\" QFormat=\"true\"    Name=\"Intense Reference\"/>   <w:LsdException Locked=\"false\" Priority=\"33\" QFormat=\"true\" Name=\"Book Title\"/>   <w:LsdException Locked=\"false\" Priority=\"37\" SemiHidden=\"true\"    UnhideWhenUsed=\"true\" Name=\"Bibliography\"/>   <w:LsdException Locked=\"false\" Priority=\"39\" SemiHidden=\"true\"    UnhideWhenUsed=\"true\" QFormat=\"true\" Name=\"TOC Heading\"/>   <w:LsdException Locked=\"false\" Priority=\"41\" Name=\"Plain Table 1\"/>   <w:LsdException Locked=\"false\" Priority=\"42\" Name=\"Plain Table 2\"/>   <w:LsdException Locked=\"false\" Priority=\"43\" Name=\"Plain Table 3\"/>   <w:LsdException Locked=\"false\" Priority=\"44\" Name=\"Plain Table 4\"/>   <w:LsdException Locked=\"false\" Priority=\"45\" Name=\"Plain Table 5\"/>   <w:LsdException Locked=\"false\" Priority=\"40\" Name=\"Grid Table Light\"/>   <w:LsdException Locked=\"false\" Priority=\"46\" Name=\"Grid Table 1 Light\"/>   <w:LsdException Locked=\"false\" Priority=\"47\" Name=\"Grid Table 2\"/>   <w:LsdException Locked=\"false\" Priority=\"48\" Name=\"Grid Table 3\"/>   <w:LsdException Locked=\"false\" Priority=\"49\" Name=\"Grid Table 4\"/>   <w:LsdException Locked=\"false\" Priority=\"50\" Name=\"Grid Table 5 Dark\"/>   <w:LsdException Locked=\"false\" Priority=\"51\" Name=\"Grid Table 6 Colorful\"/>   <w:LsdException Locked=\"false\" Priority=\"52\" Name=\"Grid Table 7 Colorful\"/>   <w:LsdException Locked=\"false\" Priority=\"46\"    Name=\"Grid Table 1 Light Accent 1\"/>   <w:LsdException Locked=\"false\" Priority=\"47\" Name=\"Grid Table 2 Accent 1\"/>   <w:LsdException Locked=\"false\" Priority=\"48\" Name=\"Grid Table 3 Accent 1\"/>   <w:LsdException Locked=\"false\" Priority=\"49\" Name=\"Grid Table 4 Accent 1\"/>   <w:LsdException Locked=\"false\" Priority=\"50\" Name=\"Grid Table 5 Dark Accent 1\"/>   <w:LsdException Locked=\"false\" Priority=\"51\"    Name=\"Grid Table 6 Colorful Accent 1\"/>   <w:LsdException Locked=\"false\" Priority=\"52\"    Name=\"Grid Table 7 Colorful Accent 1\"/>   <w:LsdException Locked=\"false\" Priority=\"46\"    Name=\"Grid Table 1 Light Accent 2\"/>   <w:LsdException Locked=\"false\" Priority=\"47\" Name=\"Grid Table 2 Accent 2\"/>   <w:LsdException Locked=\"false\" Priority=\"48\" Name=\"Grid Table 3 Accent 2\"/>   <w:LsdException Locked=\"false\" Priority=\"49\" Name=\"Grid Table 4 Accent 2\"/>   <w:LsdException Locked=\"false\" Priority=\"50\" Name=\"Grid Table 5 Dark Accent 2\"/>   <w:LsdException Locked=\"false\" Priority=\"51\"    Name=\"Grid Table 6 Colorful Accent 2\"/>   <w:LsdException Locked=\"false\" Priority=\"52\"    Name=\"Grid Table 7 Colorful Accent 2\"/>   <w:LsdException Locked=\"false\" Priority=\"46\"    Name=\"Grid Table 1 Light Accent 3\"/>   <w:LsdException Locked=\"false\" Priority=\"47\" Name=\"Grid Table 2 Accent 3\"/>   <w:LsdException Locked=\"false\" Priority=\"48\" Name=\"Grid Table 3 Accent 3\"/>   <w:LsdException Locked=\"false\" Priority=\"49\" Name=\"Grid Table 4 Accent 3\"/>   <w:LsdException Locked=\"false\" Priority=\"50\" Name=\"Grid Table 5 Dark Accent 3\"/>   <w:LsdException Locked=\"false\" Priority=\"51\"    Name=\"Grid Table 6 Colorful Accent 3\"/>   <w:LsdException Locked=\"false\" Priority=\"52\"    Name=\"Grid Table 7 Colorful Accent 3\"/>   <w:LsdException Locked=\"false\" Priority=\"46\"    Name=\"Grid Table 1 Light Accent 4\"/>   <w:LsdException Locked=\"false\" Priority=\"47\" Name=\"Grid Table 2 Accent 4\"/>   <w:LsdException Locked=\"false\" Priority=\"48\" Name=\"Grid Table 3 Accent 4\"/>   <w:LsdException Locked=\"false\" Priority=\"49\" Name=\"Grid Table 4 Accent 4\"/>   <w:LsdException Locked=\"false\" Priority=\"50\" Name=\"Grid Table 5 Dark Accent 4\"/>   <w:LsdException Locked=\"false\" Priority=\"51\"    Name=\"Grid Table 6 Colorful Accent 4\"/>   <w:LsdException Locked=\"false\" Priority=\"52\"    Name=\"Grid Table 7 Colorful Accent 4\"/>   <w:LsdException Locked=\"false\" Priority=\"46\"    Name=\"Grid Table 1 Light Accent 5\"/>   <w:LsdException Locked=\"false\" Priority=\"47\" Name=\"Grid Table 2 Accent 5\"/>   <w:LsdException Locked=\"false\" Priority=\"48\" Name=\"Grid Table 3 Accent 5\"/>   <w:LsdException Locked=\"false\" Priority=\"49\" Name=\"Grid Table 4 Accent 5\"/>   <w:LsdException Locked=\"false\" Priority=\"50\" Name=\"Grid Table 5 Dark Accent 5\"/>   <w:LsdException Locked=\"false\" Priority=\"51\"    Name=\"Grid Table 6 Colorful Accent 5\"/>   <w:LsdException Locked=\"false\" Priority=\"52\"    Name=\"Grid Table 7 Colorful Accent 5\"/>   <w:LsdException Locked=\"false\" Priority=\"46\"    Name=\"Grid Table 1 Light Accent 6\"/>   <w:LsdException Locked=\"false\" Priority=\"47\" Name=\"Grid Table 2 Accent 6\"/>   <w:LsdException Locked=\"false\" Priority=\"48\" Name=\"Grid Table 3 Accent 6\"/>   <w:LsdException Locked=\"false\" Priority=\"49\" Name=\"Grid Table 4 Accent 6\"/>   <w:LsdException Locked=\"false\" Priority=\"50\" Name=\"Grid Table 5 Dark Accent 6\"/>   <w:LsdException Locked=\"false\" Priority=\"51\"    Name=\"Grid Table 6 Colorful Accent 6\"/>   <w:LsdException Locked=\"false\" Priority=\"52\"    Name=\"Grid Table 7 Colorful Accent 6\"/>   <w:LsdException Locked=\"false\" Priority=\"46\" Name=\"List Table 1 Light\"/>   <w:LsdException Locked=\"false\" Priority=\"47\" Name=\"List Table 2\"/>   <w:LsdException Locked=\"false\" Priority=\"48\" Name=\"List Table 3\"/>   <w:LsdException Locked=\"false\" Priority=\"49\" Name=\"List Table 4\"/>   <w:LsdException Locked=\"false\" Priority=\"50\" Name=\"List Table 5 Dark\"/>   <w:LsdException Locked=\"false\" Priority=\"51\" Name=\"List Table 6 Colorful\"/>   <w:LsdException Locked=\"false\" Priority=\"52\" Name=\"List Table 7 Colorful\"/>   <w:LsdException Locked=\"false\" Priority=\"46\"    Name=\"List Table 1 Light Accent 1\"/>   <w:LsdException Locked=\"false\" Priority=\"47\" Name=\"List Table 2 Accent 1\"/>   <w:LsdException Locked=\"false\" Priority=\"48\" Name=\"List Table 3 Accent 1\"/>   <w:LsdException Locked=\"false\" Priority=\"49\" Name=\"List Table 4 Accent 1\"/>   <w:LsdException Locked=\"false\" Priority=\"50\" Name=\"List Table 5 Dark Accent 1\"/>   <w:LsdException Locked=\"false\" Priority=\"51\"    Name=\"List Table 6 Colorful Accent 1\"/>   <w:LsdException Locked=\"false\" Priority=\"52\"    Name=\"List Table 7 Colorful Accent 1\"/>   <w:LsdException Locked=\"false\" Priority=\"46\"    Name=\"List Table 1 Light Accent 2\"/>   <w:LsdException Locked=\"false\" Priority=\"47\" Name=\"List Table 2 Accent 2\"/>   <w:LsdException Locked=\"false\" Priority=\"48\" Name=\"List Table 3 Accent 2\"/>   <w:LsdException Locked=\"false\" Priority=\"49\" Name=\"List Table 4 Accent 2\"/>   <w:LsdException Locked=\"false\" Priority=\"50\" Name=\"List Table 5 Dark Accent 2\"/>   <w:LsdException Locked=\"false\" Priority=\"51\"    Name=\"List Table 6 Colorful Accent 2\"/>   <w:LsdException Locked=\"false\" Priority=\"52\"    Name=\"List Table 7 Colorful Accent 2\"/>   <w:LsdException Locked=\"false\" Priority=\"46\"    Name=\"List Table 1 Light Accent 3\"/>   <w:LsdException Locked=\"false\" Priority=\"47\" Name=\"List Table 2 Accent 3\"/>   <w:LsdException Locked=\"false\" Priority=\"48\" Name=\"List Table 3 Accent 3\"/>   <w:LsdException Locked=\"false\" Priority=\"49\" Name=\"List Table 4 Accent 3\"/>   <w:LsdException Locked=\"false\" Priority=\"50\" Name=\"List Table 5 Dark Accent 3\"/>   <w:LsdException Locked=\"false\" Priority=\"51\"    Name=\"List Table 6 Colorful Accent 3\"/>   <w:LsdException Locked=\"false\" Priority=\"52\"    Name=\"List Table 7 Colorful Accent 3\"/>   <w:LsdException Locked=\"false\" Priority=\"46\"    Name=\"List Table 1 Light Accent 4\"/>   <w:LsdException Locked=\"false\" Priority=\"47\" Name=\"List Table 2 Accent 4\"/>   <w:LsdException Locked=\"false\" Priority=\"48\" Name=\"List Table 3 Accent 4\"/>   <w:LsdException Locked=\"false\" Priority=\"49\" Name=\"List Table 4 Accent 4\"/>   <w:LsdException Locked=\"false\" Priority=\"50\" Name=\"List Table 5 Dark Accent 4\"/>   <w:LsdException Locked=\"false\" Priority=\"51\"    Name=\"List Table 6 Colorful Accent 4\"/>   <w:LsdException Locked=\"false\" Priority=\"52\"    Name=\"List Table 7 Colorful Accent 4\"/>   <w:LsdException Locked=\"false\" Priority=\"46\"    Name=\"List Table 1 Light Accent 5\"/>   <w:LsdException Locked=\"false\" Priority=\"47\" Name=\"List Table 2 Accent 5\"/>   <w:LsdException Locked=\"false\" Priority=\"48\" Name=\"List Table 3 Accent 5\"/>   <w:LsdException Locked=\"false\" Priority=\"49\" Name=\"List Table 4 Accent 5\"/>   <w:LsdException Locked=\"false\" Priority=\"50\" Name=\"List Table 5 Dark Accent 5\"/>   <w:LsdException Locked=\"false\" Priority=\"51\"    Name=\"List Table 6 Colorful Accent 5\"/>   <w:LsdException Locked=\"false\" Priority=\"52\"    Name=\"List Table 7 Colorful Accent 5\"/>   <w:LsdException Locked=\"false\" Priority=\"46\"    Name=\"List Table 1 Light Accent 6\"/>   <w:LsdException Locked=\"false\" Priority=\"47\" Name=\"List Table 2 Accent 6\"/>   <w:LsdException Locked=\"false\" Priority=\"48\" Name=\"List Table 3 Accent 6\"/>   <w:LsdException Locked=\"false\" Priority=\"49\" Name=\"List Table 4 Accent 6\"/>   <w:LsdException Locked=\"false\" Priority=\"50\" Name=\"List Table 5 Dark Accent 6\"/>   <w:LsdException Locked=\"false\" Priority=\"51\"    Name=\"List Table 6 Colorful Accent 6\"/>   <w:LsdException Locked=\"false\" Priority=\"52\"    Name=\"List Table 7 Colorful Accent 6\"/>   <w:LsdException Locked=\"false\" SemiHidden=\"true\" UnhideWhenUsed=\"true\"    Name=\"Mention\"/>   <w:LsdException Locked=\"false\" SemiHidden=\"true\" UnhideWhenUsed=\"true\"    Name=\"Smart Hyperlink\"/>   <w:LsdException Locked=\"false\" SemiHidden=\"true\" UnhideWhenUsed=\"true\"    Name=\"Hashtag\"/>   <w:LsdException Locked=\"false\" SemiHidden=\"true\" UnhideWhenUsed=\"true\"    Name=\"Unresolved Mention\"/>   <w:LsdException Locked=\"false\" SemiHidden=\"true\" UnhideWhenUsed=\"true\"    Name=\"Smart Link\"/>  </w:LatentStyles> </xml><![endif]--><!--[if gte mso 10]> <style>  /* Style Definitions */  table.MsoNormalTable  {mso-style-name:\"Normál táblázat\";  mso-tstyle-rowband-size:0;  mso-tstyle-colband-size:0;  mso-style-noshow:yes;  mso-style-priority:99;  mso-style-parent:\"\";  mso-padding-alt:0cm 5.4pt 0cm 5.4pt;  mso-para-margin-top:0cm;  mso-para-margin-right:0cm;  mso-para-margin-bottom:8.0pt;  mso-para-margin-left:0cm;  line-height:107%;  mso-pagination:widow-orphan;  font-size:11.0pt;  font-family:\"Calibri\",sans-serif;  mso-ascii-font-family:Calibri;  mso-ascii-theme-font:minor-latin;  mso-hansi-font-family:Calibri;  mso-hansi-theme-font:minor-latin;  mso-bidi-font-family:\"Times New Roman\";  mso-bidi-theme-font:minor-bidi;  mso-font-kerning:1.0pt;  mso-ligatures:standardcontextual;  mso-fareast-language:EN-US;} </style> <![endif]--> </p> <p class=\"MsoNormal\"><span style=\"font-size:12.0pt;line-height:107%;font-family: \"Arial\",sans-serif\">VADÁSZAT RÁD EGY NAP. A KTM eHardtail kínálat kiegyensúlyozott kezelhetőséget, átgondolt specifikációkat és különböző kerékméret-opciókat kínál. A MACINA TEAM 29 és 27,5 hüvelykes változatban is kapható. Két további TEAM-élmény a LIGHT-FENDER-CARRIER (LFC) modell teljes felszereltséggel és <b><span style=\"color:red\">a TEAM XL, amelynek megengedett rendszertömege 178 kg.</span></b> A BOSCH PERFORMANCE LINE CX motor és a valaha volt legerősebb BOSCH POWERTUBE akkumulátor (750 WH) hatalmas támogatást nyújt. A 691-es és 671-es modellek 625 WH-s SMART SYSTEM akkumulátorral kerülnek forgalomba. Az önálló BOSCH SMART SYSTEM-mel készen állsz a digitális jövőre. Ezenkívül az EBIKE FLOW ALKALMAZÁS megnyitja a digitális világ kapuját, és összekapcsol a motoroddal. Mérnökeink mesteri munkájának köszönhetően a bevált KTM vázgeometriát megőriztük az akkumulátor méretének és kapacitásának növekedése ellenére. Az akkumulátor eltávolítása és visszahelyezése minden eddiginél könnyebb. A POWER TUBE TOP LOADER (PTTL) a KTM saját innovációjának a neve, amely felhasználóbarát akkumulátorkezelést kínál. Minden modell LFC-kompatibilis.</span> </p> <p class=\"MsoNormal\"><span style=\"font-size:12.0pt;line-height:107%;font-family: \"Arial\",sans-serif\">Nagyszerű E-MTB szórakozás mindenkinek – a KTM Macina Team XL 2023 gondoskodik erről . Mert adaptált geometriájának és XXL dizájnjának köszönhetően a hosszú lábú e-bike rajongók is megérik a pénzüket. Élvezze a szokásos KTM minőséget, párosítva olyan felszereléssel, amelyet érdemes megnézni. Ezt támogatja az e-bike-re optimalizált Shimano Deore XT Linkglide 11 sebességes sebességváltó rendszer , a Suntour XCR 34 Air 29\" LOR 120 mm-es légrugós villa és az erős Tektro HD-M535 4 dugattyús tárcsafékek . a KTM Macina XL-en a Bosch Performance CX motor erőteljes, 85 Nm-es nyomatékával A Smart System-nek köszönhetően az e-bike felszerelésben megtalálható a hatalmas PowerTube 750 Wh és a praktikus Kiox 300 kijelző is.</span> </p> <p class=\"MsoNormal\"><span style=\"font-size:12.0pt;line-height:107%;font-family: \"Arial\",sans-serif\"> </span> </p> <p class=\"MsoNormal\"><span style=\"font-size:12.0pt;line-height:107%;font-family: \"Arial\",sans-serif\">A KTM MACINA TEAM XL 2023 JELLEMZŐI</span> </p> <p class=\"MsoNormal\"><span style=\"font-size:12.0pt;line-height:107%;font-family: \"Arial\",sans-serif\">- E-MTB hardtail nagy tömegű kerékpárosoknak</span> </p> <p class=\"MsoNormal\"><span style=\"font-size:12.0pt;line-height:107%;font-family: \"Arial\",sans-serif\">- adaptált geometria és extra keretméretek</span> </p> <p class=\"MsoNormal\"><span style=\"font-size:12.0pt;line-height:107%;font-family: \"Arial\",sans-serif\">- Bosch Performance Line CX motor</span> </p> <p class=\"MsoNormal\"><span style=\"font-size:12.0pt;line-height:107%;font-family: \"Arial\",sans-serif\">- PowerTube 750 Wh Akku + Kiox 300 Display</span> </p> <p class=\"MsoNormal\"><span style=\"font-size:12.0pt;line-height:107%;font-family: \"Arial\",sans-serif\">- Shimano 11 sebességes Linkglide e-bike pálya</span> </p> <p class=\"MsoNormal\"><span style=\"font-size:12.0pt;line-height:107%;font-family: \"Arial\",sans-serif\">- 4 dugattyús tárcsafékek Tektro HD-M535</span> </p> <p class=\"MsoNormal\"><span style=\"font-size:12.0pt;line-height:107%;font-family: \"Arial\",sans-serif\"> </span> </p> <p class=\"MsoNormal\"><span style=\"font-size:12.0pt;line-height:107%;font-family: \"Arial\",sans-serif\">Ajánljuk: A KTM Macina Team XL méltán tartja nevét, és tökéletes megoldás minden magas ember számára, aki sokoldalú E-MTB-t keres.</span> </p> </p>"	""	"9990"	""	"0"	"1"	"<attribute><attribute_name>VÁZ</attribute_name><attribute_value>                                  Macina MTB 29\" Alloy 6061 PT750Wh Bosch Gen.4 / M-2706 </attribute_value></attribute> <attribute><attribute_name>VILLA</attribute_name><attribute_value>                                   Suntour XCR 34 Air 29\" LOR 120mm 15x110 taper </attribute_value></attribute> <attribute><attribute_name>MOTOR</attribute_name><attribute_value>                     Bosch PERFORMANCE CX Gen.4 SMART SYSTEM - 25km/h / 85Nm / 250W </attribute_value></attribute> <attribute><attribute_name>KIJELZŐ</attribute_name><attribute_value>                            Bosch LED remote SMART SYSTEM, Bosch KIOX 300 TFT Display SMART SYSTEM </attribute_value></attribute> <attribute><attribute_name>AKKUMULÁTOR</attribute_name><attribute_value>                               Bosch PowerTUBE 750Wh SMART SYSTEM hor. </attribute_value></attribute> <attribute><attribute_name>TÖLTŐ</attribute_name><attribute_value>                                     Bosch STANDARD Charger 4A SMART SYSTEM </attribute_value></attribute> <attribute><attribute_name>HÁTSÓ VÁLTÓ</attribute_name><attribute_value>                          Shimano Deore XT M8130-11 LG shadow+ </attribute_value></attribute> <attribute><attribute_name>VÁLTÓKAR</attribute_name><attribute_value>                               Shimano Deore XT M8130-11 LG </attribute_value></attribute> <attribute><attribute_name>HAJTÓMŰ</attribute_name><attribute_value>                                  KTM E-COMP ISIS 170mm Q16 </attribute_value></attribute> <attribute><attribute_name>LÁNCKERÉK</attribute_name><attribute_value>                            FSA Megatooth steel 38T with chainguard </attribute_value></attribute> <attribute><attribute_name>FOGASKOSZORÚ</attribute_name><attribute_value>                               Shimano LG400-11 / 11-50 </attribute_value></attribute> <attribute><attribute_name>LÁNC</attribute_name><attribute_value>                                      KMC e11 Sport EPT e-bike </attribute_value></attribute> <attribute><attribute_name>FÉK</attribute_name><attribute_value>                               Tektro HD-M535 4-Piston </attribute_value></attribute> <attribute><attribute_name>ROTOR</attribute_name><attribute_value>                            Tektro TR-17 2.3mm 6bolt 203 / 180 </attribute_value></attribute> <attribute><attribute_name>ELSŐ KERÉK</attribute_name><attribute_value>                              KTM Line - DT Swiss 370 6b 32L 110/15 Ryde Andra29 32H 622x29C DT Alpine II 2.34 black </attribute_value></attribute> <attribute><attribute_name>HÁTSÓ KERÉK</attribute_name><attribute_value>                           KTM Line - DT Swiss 370 6b 32L 148/12 ASF LN18 Ryde Andra29 32H 622x29C DT Alpine II 2.34 black </attribute_value></attribute> <attribute><attribute_name>ELSŐ GUMIKÖPENY</attribute_name><attribute_value>                                Schwalbe Smart Sam Plus Perf. DD GreenGuard 57-622 </attribute_value></attribute> <attribute><attribute_name>HÁTSÓ GUMIKÖPENY</attribute_name><attribute_value>                                Schwalbe Smart Sam Plus Perf. DD GreenGuard 57-622 </attribute_value></attribute> <attribute><attribute_name>MARKOLAT</attribute_name><attribute_value>                              Ergon GA20 </attribute_value></attribute> <attribute><attribute_name>KORMÁNY</attribute_name><attribute_value>                                    Ergotec low rizer GH15 Savety 740mm </attribute_value></attribute> <attribute><attribute_name>STUCNI</attribute_name><attribute_value>                                         Ergotec Piranha2 6° </attribute_value></attribute> <attribute><attribute_name>KORMÁNYCSAPÁGY</attribute_name><attribute_value>                           Acros AICR internal 1.1/8\"-1.5\" angle limit </attribute_value></attribute> <attribute><attribute_name>NYEREG</attribute_name><attribute_value>                                             Selle Royal Viaggio HRC </attribute_value></attribute> <attribute><attribute_name>NYEREGCSŐ</attribute_name><attribute_value>                                     bySchulz G.2 ST suspension 30.9/350 </attribute_value></attribute> <attribute><attribute_name>PEDÁL</attribute_name><attribute_value>                                    MTB-Pedal flat VPE-527 alloy </attribute_value></attribute> <attribute><attribute_name>MAX. ÖSSZTERHELÉS</attribute_name><attribute_value>                                                       178 kg </attribute_value></attribute> <attribute><attribute_name>SÚLY</attribute_name><attribute_value>                                                       26,7 kg (pedál nélkül)</attribute_value></attribute>"
"cube-804100-XL-2025"	"804100"	"4054571455413"	"CUBE"	"CUBE AMS HYBRID ONE44 C:68X SLX 400X 29 DEEPCOBALT´N´BLACK - 2025 - ÖSSZTELESZKÓPOS MTB ELEKTROMOS KERÉKPÁR - XL"	"Termékkategóriák > E-BIKE > Összteleszkópos E-BIKE"	"https://speedbike.hu/cube-ams-hybrid-one44-c68x-slx-400x-29-deepcobaltnblack-2025-osszteleszkopos-mtb-elektromos-kerekpar-xl?utm_source=arukereso&utm_medium=cpp&utm_campaign=direct_link"	"2149990"	"1692906"	"https://speedbike2.cdn.shoprenter.hu/custom/speedbike2/image/cache/w1024h1024m00q100/product/cube2025/804100.jpg?v=1727363721"	"<p>Egy ultrakönnyű, Bosch-üzemű, teljes felfüggesztésű kerékpár építése nem könnyű. Ezért az AMS Hybrid ONE44 C:68X váz a legfejlettebb C:68X® karbon anyagunkat használja, a lehető legnagyobb szilárdság és merevség érdekében, a lehető legki …(trimmed for fixture)"	""	"9990"	""	"0"	"1"	"<attribute><attribute_name>frame</attribute_name><attribute_value>C:68X® Monocoque Advanced Twin Mold Technology, Effiecient Trail Control, FSP 4-Link, Agile Trail Geometry, Boost 148, UDH™, Fixed Integrated Battery, Advanced Internal Cable Routing </attribute_value></attribute> <attribute><attribute_name>color</attribute_name><attribute_value>deepcobalt´n´black </attribute_value></attribute> <attribute><attribute_name>size</attribute_name><attribute_value>XL </attribute_value></attribute> <attribute><attribute_name>fork</attribute_name><attribute_value>Fox 34 Float Performance GRIP, 3-Position w/ Micro Adjust, Tapered, 15x110mm, 140mm </attribute_value></attribute> <attribute><attribute_name>shock</attribute_name><attribute_value>Fox Float Performance, 210x55mm, Adjustable LSR w/ 2-Pos. Lever </attribute_value></attribute> <attribute><attribute_name>shock hardware</attribute_name><attribute_value>Front: 30x8mm, Rear: DU-Bushing 12,7mm </attribute_value></attribute> <attribute><attribute_name>headset</attribute_name><attribute_value>ACROS AZF-675, ICR (Integrated Cable Routing), Top Zero-Stack 1 1/2\" (ZS 56mm), Bottom Zero-Stack 1 1/2\" (ZS 56mm), Fiber Inserts for Angle Adjustment </attribute_value></attribute> <attribute><attribute_name>stem</attribute_name><attribute_value>Newmen Evolution SL 318.4, 31.8mm </attribute_value></attribute> <attribute><attribute_name>handlebar</attribute_name><attribute_value>Newmen Advanced 318.25, Carbon, 780mm </attribute_value></attribute> <attribute><attribute_name>integrated bar/stem</attribute_name><attribute_value> </attribute_value></attribute> <attribute><attribute_name>barextensions</attribute_name><attribute_value> </attribute_value></attribute> <attribute><attribute_name>handlebar tape</attribute_name><attribute_value> </attribute_value></attribute> <attribute><attribute_name>grips</attribute_name><attribute_value>ACID Disrupt, Soft Compound </attribute_value></attribute> <attribute><attribute_name>rear derailleur</attribute_name><attribute_value>Shimano XT RD-M8100-SGS, ShadowPlus, 12-Speed </attribute_value></attribute> <attribute><attribute_name>front derailleur</attribute_name><attribute_value> </attribute_value></attribute> <attribute><attribute_name>chain guide</attribute_name><attribute_value>Reverse Flip-Guide E-Chain Guide, Direct Mount, I-Plate </attribute_value></attribute> <attribute><attribute_name>shifters</attribute_name><attribute_value>Shimano XT SL-M8100-IR, Direct Attach </attribute_value></attribute> <attribute><attribute_name>shift-brake-levers</attribute_name><attribute_value> </attribute_value></attribute> <attribute><attribute_name>brake levers</attribute_name><attribute_value> </attribute_value></attribute> <attribute><attribute_name>brake</attribute_name><attribute_value>Shimano XT BR-M8120/BR-M8100, Hydr. Disc Brake (203/180) </attribute_value></attribute> <attribute><attribute_name>bottom bracket</attribute_name><attribute_value> </attribute_value></attribute> <attribute><attribute_name>crankset</attribute_name><attribute_value>e*thirteen Helix Race Alloy e*spec Crank, 32T </attribute_value></attribute> <attribute><attribute_name>cassette</attribute_name><attribute_value>Shimano XT CS-M8100, 10-51T </attribute_value></attribute> <attribute><attribute_name>gear teeth</attribute_name><attribute_value> </attribute_value></attribute> <attribute><attribute_name>chain</attribute_name><attribute_value>Shimano CN-M8100 </attribute_value></attribute> <attribute><attribute_name>belt</attribute_name><attribute_value> </attribute_value></attribute> <attribute><attribute_name>wheelset</attribute_name><attribute_value>Newmen Evolution SL E.G. 30, 28/28 Spokes, 15x110mm/12x148mm, Tubeless Ready  </attribute_value></attribute> <attribute><attribute_name>rims</attribute_name><attribute_value> </attribute_value></attribute> <attribute><attribute_name>front hub</attribute_name><attribute_value> </attribute_value></attribute> <attribute><attribute_name>rear hub</attribute_name><attribute_value> </attribute_value></attribute> <attribute><attribute_name>tire</attribute_name><attribute_value> </attribute_value></attribute> <attribute><attribute_name>front tire</attribute_name><attribute_value>Schwalbe Nobby Nic, Super Ground, Addix Soft, Kevlar, 2.4 </attribute_value></attribute> <attribute><attribute_name>rear tire</attribute_name><attribute_value>Schwalbe Wicked Will, Super Ground, Addix Speedgrip, Kevlar, 2.4 </attribute_value></attribute> <attribute><attribute_name>pedals</attribute_name><attribute_value> </attribute_value></attribute> <attribute><attribute_name>saddle</attribute_name><attribute_value>Natural Fit Nuance SL </attribute_value></attribute> <attribute><attribute_name>seat post</attribute_name><attribute_value>CUBE Dropper Post, Handlebar Lever, Internal Cable Routing, 31.6mm </attribute_value></attribute> <attribute><attribute_name>seat clamp</attribute_name><attribute_value>CUBE Screwlock, 34.9mm </attribute_value></attribute> <attribute><attribute_name>front light</attribute_name><attribute_value> </attribute_value></attribute> <attribute><attribute_name>back light</attribute_name><attribute_value> </attribute_value></attribute> <attribute><attribute_name>kickstand</attribute_name><attribute_value> </attribute_value></attribute> <attribute><attribute_name>mudguard</attribute_name><attribute_value> </attribute_value></attribute> <attribute><attribute_name>chain protection</attribute_name><attribute_value> </attribute_value></attribute> <attribute><attribute_name>bell</attribute_name><attribute_value> </attribute_value></attribute> <attribute><attribute_name>carrier</attribute_name><attribute_value> </attribute_value></attribute> <attribute><attribute_name>engine</attribute_name><attribute_value>Bosch Drive Unit Performance SX (55Nm) Cruise (250 Watt), Smart System </attribute_value></attribute> <attribute><attribute_name>battery</attribute_name><attribute_value>Bosch CompactTube 400 </attribute_value></attribute> <attribute><attribute_name>charger</attribute_name><attribute_value>Bosch 4A </attribute_value></attribute> <attribute><attribute_name>remote</attribute_name><attribute_value>Bosch System Control, incl. Mini Remote </attribute_value></attribute> <attribute><attribute_name>display</attribute_name><attribute_value> </attribute_value></attribute> <attribute><attribute_name>weight</attribute_name><attribute_value>17,3 kg</attribute_value></attribute>"
"cube-689270-20-2025"	"689270"	"4054571409928"	"CUBE"	"CUBE CARGO DUAL HYBRID 1000 BLUE´N´LIME - 2025 - CARGO ELEKTROMOS KERÉKPÁR - 20\" / 27.5\": ONE SIZE"	"Termékkategóriák > E-BIKE > Cargo E-BIKE"	"https://speedbike.hu/cube-cargo-dual-hybrid-1000-bluenlime-2025-cargo-elektromos-kerekpar-20-275-one-size?utm_source=arukereso&utm_medium=cpp&utm_campaign=direct_link"	"2483991"	"1955898"	"https://speedbike2.cdn.shoprenter.hu/custom/speedbike2/image/cache/w1024h1024m00q100/product/cube2025/689270.jpg?v=1727363724"	""	""	"9990"	""	"0"	"1"	"<attribute><attribute_name>frame</attribute_name><attribute_value> </attribute_value></attribute> <attribute><attribute_name>color</attribute_name><attribute_value>blue´n´lime </attribute_value></attribute> <attribute><attribute_name>size</attribute_name><attribute_value>20\" / 27.5\": ONE SIZE </attribute_value></attribute> <attribute><attribute_name>fork</attribute_name><attribute_value>SR Suntour MOBIE CARGO, 80mm </attribute_value></attribute> <attribute><attribute_name>shock</attribute_name><attribute_value> </attribute_value></attribute> <attribute><attribute_name>shock hardware</attribute_name><attribute_value> </attribute_value></attribute> <attribute><attribute_name>headset</attribute_name><attribute_value>Cube H835D3, semi-integrated with sealed bearings  and Cane Creek Viscoset </attribute_value></attribute> <attribute><attribute_name>stem</attribute_name><attribute_value>BySchulz Speedlifter Classic </attribute_value></attribute> <attribute><attribute_name>handlebar</attribute_name><attribute_value>CUBE Comfort Trail Bar, 680mm </attribute_value></attribute> <attribute><attribute_name>integrated bar/stem</attribute_name><attribute_value> </attribute_value></attribute> <attribute><attribute_name>barextensions</attribute_name><attribute_value> </attribute_value></attribute> <attribute><attribute_name>handlebar tape</attribute_name><attribute_value> </attribute_value></attribute> <attribute><attribute_name>grips</attribute_name><attribute_value>ACID Travel Comfort Gripshift </attribute_value></attribute> <attribute><attribute_name>rear derailleur</attribute_name><attribute_value> </attribute_value></attribute> <attribute><attribute_name>front derailleur</attribute_name><attribute_value> </attribute_value></attribute> <attribute><attribute_name>chain guide</attribute_name><attribute_value> </attribute_value></attribute> <attribute><attribute_name>shifters</attribute_name><attribute_value>Enviolo Cargo manual </attribute_value></attribute> <attribute><attribute_name>shift-brake-levers</attribute_name><attribute_value> </attribute_value></attribute> <attribute><attribute_name>brake levers</attribute_name><attribute_value> </attribute_value></attribute> <attribute><attribute_name>brake</attribute_name><attribute_value>Magura CMe, Hydr. Disc Brake (180/203) </attribute_value></attribute> <attribute><attribute_name>bottom bracket</attribute_name><attribute_value> </attribute_value></attribute> <attribute><attribute_name>crankset</attribute_name><attribute_value>ACID E-Crank, 170mm, 38T </attribute_value></attribute> <attribute><attribute_name>cassette</attribute_name><attribute_value>Enviolo 20T </attribute_value></attribute> <attribute><attribute_name>gear teeth</attribute_name><attribute_value> </attribute_value></attribute> <attribute><attribute_name>chain</attribute_name><attribute_value>KMC Z610 </attribute_value></attribute> <attribute><attribute_name>belt</attribute_name><attribute_value> </attribute_value></attribute> <attribute><attribute_name>wheelset</attribute_name><attribute_value> </attribute_value></attribute> <attribute><attribute_name>rims</attribute_name><attribute_value>CUBE EX30, 32H, Disc, Tubeless Ready </attribute_value></attribute> <attribute><attribute_name>front hub</attribute_name><attribute_value>Shimano HB-MT400, 15x100mm , Centerlock </attribute_value></attribute> <attribute><attribute_name>rear hub</attribute_name><attribute_value>Enviolo Cargo,380%, 10x135mm </attribute_value></attribute> <attribute><attribute_name>tire</attribute_name><attribute_value> </attribute_value></attribute> <attribute><attribute_name>front tire</attribute_name><attribute_value>Schwalbe Pick-Up, Super Defense, 60-406 </attribute_value></attribute> <attribute><attribute_name>rear tire</attribute_name><attribute_value>Schwalbe Pick-Up, Super Defense, 65-584 </attribute_value></attribute> <attribute><attribute_name>pedals</attribute_name><attribute_value>CUBE PP MTB </attribute_value></attribute> <attribute><attribute_name>saddle</attribute_name><attribute_value>Natural Fit Sequence Comfort </attribute_value></attribute> <attribute><attribute_name>seat post</attribute_name><attribute_value>Newmen Evolution, 30.9mm </attribute_value></attribute> <attribute><attribute_name>seat clamp</attribute_name><attribute_value>CUBE Varioclose, 34.9mm </attribute_value></attribute> <attribute><attribute_name>front light</attribute_name><attribute_value>ACID Front Light PRO-E 110, 5-16V, DC </attribute_value></attribute> <attribute><attribute_name>back light</attribute_name><attribute_value>ACID Mudguard Rear Light PRO-E, 12V, DC </attribute_value></attribute> <attribute><attribute_name>kickstand</attribute_name><attribute_value>Cargo Kickstand </attribute_value></attribute> <attribute><attribute_name>mudguard</attribute_name><attribute_value>ACID 75 </attribute_value></attribute> <attribute><attribute_name>chain protection</attribute_name><attribute_value> </attribute_value></attribute> <attribute><attribute_name>bell</attribute_name><attribute_value>Ring Bell </attribute_value></attribute> <attribute><attribute_name>carrier</attribute_name><attribute_value> </attribute_value></attribute> <attribute><attribute_name>engine</attribute_name><attribute_value>Bosch Drive Unit Cargo Line Generation 4 (85Nm) Cruise (250Watt) </attribute_value></attribute> <attribute><attribute_name>battery</attribute_name><attribute_value>Bosch DualBattery 1000 </attribute_value></attribute> <attribute><attribute_name>charger</attribute_name><attribute_value>Bosch 4A </attribute_value></attribute> <attribute><attribute_name>remote</attribute_name><attribute_value> </attribute_value></attribute> <attribute><attribute_name>display</attribute_name><attribute_value>Bosch Intuvia </attribute_value></attribute> <attribute><attribute_name>weight</attribute_name><attribute_value>51 kg</attribute_value></attribute>"
"KTMCHICAGOSTREET27"	""	""	"KTM"	"KTM CHICAGO STREET 27 CROC (GREY+ORANGE) FÉRFI MTB KERÉKPÁR"	"Termékkategóriák > KERÉKPÁR > MTB > Hardtail MTB > Férfi > 27.5\""	"https://speedbike.hu/ktm-chicago-street-27-croc-greyorange-ferfi-mtb-kerekpar?utm_source=arukereso&utm_medium=cpp&utm_campaign=direct_link"	"203150"	"159961"	"https://speedbike2.cdn.shoprenter.hu/custom/speedbike2/image/cache/w1024h1024m00q100/KTM%202020%20KER%C3%89KP%C3%81R/KTM%20CHICAGO%20STREET%2027%20F%C3%A9rfi%20MTB%20Ker%C3%A9kp%C3%A1r%202020.jpg?v=1702121277"	"<p><font style=\"box-sizing: inherit; outline: none 0px; font-family: Roboto, sans-serif; font-size: 15px; background-color: rgb(247, 247, 247); vertical-align: inherit;\">A KTM Chicago Street kerekei sokat ígérnek; m</font><font style=\"box-s …(trimmed for fixture)"	""	"5990"	""	"0"	"1"	"<attribute><attribute_name>Váz</attribute_name><attribute_value>                                      27.5\" AL6061 MTB CHICAGO STREET M8562-M </attribute_value></attribute> <attribute><attribute_name>Villa</attribute_name><attribute_value>                               27.5\" Suntour SF18-XCE28 P 80 </attribute_value></attribute> <attribute><attribute_name>Kormánycsapágy</attribute_name><attribute_value>                          RITCHEY LOGIC ZERO PRESS FIT, 1-1/8\", H:9.4mm </attribute_value></attribute> <attribute><attribute_name>Kormányszár</attribute_name><attribute_value>                                   KTM Line 12° </attribute_value></attribute> <attribute><attribute_name>Kormány</attribute_name><attribute_value>                                        KTM Line rizer15 640mm </attribute_value></attribute> <attribute><attribute_name>Markolat</attribute_name><attribute_value>                                  KTM Dimond Grip 130mm black ring </attribute_value></attribute> <attribute><attribute_name>Féktárcsa</attribute_name><attribute_value>                                          V TEKTRO 855AL </attribute_value></attribute> <attribute><attribute_name>Fék</attribute_name><attribute_value>                                                Shimano TY301 42-34-24 </attribute_value></attribute> <attribute><attribute_name>Hajtómű</attribute_name><attribute_value>                                          Shimano HG40 </attribute_value></attribute> <attribute><attribute_name>Lánc</attribute_name><attribute_value>                                             Shimano HG200-8 12-32 </attribute_value></attribute> <attribute><attribute_name>Hátsó fogaskoszorú</attribute_name><attribute_value>                                           Shimano Altus M313 DS </attribute_value></attribute> <attribute><attribute_name>Első váltó</attribute_name><attribute_value>                                              Shimano Acra M360-8 SGSL </attribute_value></attribute> <attribute><attribute_name>Hátsó váltó</attribute_name><attribute_value>                                                 Shimano Altus ST-EF5002 8 </attribute_value></attribute> <attribute><attribute_name>Első agy</attribute_name><attribute_value>                                            Shimano DHC30003 36H Nut </attribute_value></attribute> <attribute><attribute_name>Hátsó agy</attribute_name><attribute_value>                                        Shimano FH-TX500 36H QR </attribute_value></attribute> <attribute><attribute_name>Küllő</attribute_name><attribute_value>                                                   RM 2.0 INOX, silver </attribute_value></attribute> <attribute><attribute_name>Felni</attribute_name><attribute_value>                                                  REMERX DRAGON 36H 584x19 </attribute_value></attribute> <attribute><attribute_name>Gumiköpeny</attribute_name><attribute_value>                                              IMPAC SMARTPAC TwinSkin 54-584 27.5x2.10 </attribute_value></attribute> <attribute><attribute_name>Nyereg</attribute_name><attribute_value>                                                       KTM Line MTB </attribute_value></attribute> <attribute><attribute_name>Nyeregszár</attribute_name><attribute_value>                                                KTM Line 27.2/350 </attribute_value></attribute> <attribute><attribute_name>Pedál</attribute_name><attribute_value>                                                 MTB Pedal VPE-537 EPB </attribute_value></attribute> <attribute><attribute_name>Sárvédő</attribute_name><attribute_value>                                            SKS VELO 27,5 65 MOUNTAIN </attribute_value></attribute> <attribute><attribute_name>Kitámasztó</attribute_name><attribute_value>                                               KTM REAR 26-29\" adjust </attribute_value></attribute> <attribute><attribute_name>Első világítás</attribute_name><attribute_value>                                                 AXA COMPACTLINE LED 20Lux </attribute_value></attribute> <attribute><attribute_name>Hátsó világítás</attribute_name><attribute_value>                                          SPANNINGA PIXEO </attribute_value></attribute> <attribute><attribute_name>Összterhelés</attribute_name><attribute_value>                                        130 kg  </attribute_value></attribute> <attribute><attribute_name>Súly</attribute_name><attribute_value>                                                    15,9 kg (pedál nélkül)</attribute_value></attribute>"
"LA21PR39"	""	""	"LAPIERRE"	"LAPIERRE PRORACE 3.9 - L/19\" - FÉRFI MTB KERÉKPÁR"	"Termékkategóriák > KERÉKPÁR > MTB > Hardtail MTB > Férfi > 29\""	"https://speedbike.hu/lapierre-prorace-39-l19-ferfi-mtb-kerekpar?utm_source=arukereso&utm_medium=cpp&utm_campaign=direct_link"	"389990"	"307079"	"https://speedbike2.cdn.shoprenter.hu/custom/speedbike2/image/cache/w1024h1024m00q100/prorace39.jpg?v=1702121196"	"<p><p>Fedezze fel a terepversenyzés világát a Lapierre Prorace modellekkel! </p> <p>A szabadalmaztatott, könnyű Supreme 5 ötvözetből készült, modern versenygeometriájú váz a Boost szabványú, 29 colos kerekekkel és a gondosan kiválasztott  …(trimmed for fixture)"	""	"5990"	""	"0"	"1"	"<attribute><attribute_name>Category</attribute_name><attribute_value> MTB HARDTAIL </attribute_value></attribute> <attribute><attribute_name>Model year</attribute_name><attribute_value> 2021 </attribute_value></attribute> <attribute><attribute_name>Wheel size</attribute_name><attribute_value> 29 </attribute_value></attribute> <attribute><attribute_name>Frame</attribute_name><attribute_value> PRORACE 29\" SUPREME 5 ALLOY DISC, BOOST, PRESSFIT, TA 12x148, INT BRAKE RR </attribute_value></attribute> <attribute><attribute_name>Fork</attribute_name><attribute_value> SUNTOUR RAIDON REMOTE QR15mm AIR 100mm BOOST </attribute_value></attribute> <attribute><attribute_name>Derailleur</attribute_name><attribute_value> SHIMANO Deore M6100 12spd </attribute_value></attribute> <attribute><attribute_name>Cranks</attribute_name><attribute_value> SHIMANO FCM-510 12spd 170mm/32T (XS, S), 175mm/32T (M, L, XL) </attribute_value></attribute> <attribute><attribute_name>Bottom bracket</attribute_name><attribute_value> Shimano PF MTB92 </attribute_value></attribute> <attribute><attribute_name>Cassette</attribute_name><attribute_value> Shimano Deore 12spd 10-51T (CSM6100) </attribute_value></attribute> <attribute><attribute_name>Chain</attribute_name><attribute_value> SRAM SX Eagle 12Spd </attribute_value></attribute> <attribute><attribute_name>Brakes</attribute_name><attribute_value> SHIMANO MT200 WITH J-KIT </attribute_value></attribute> <attribute><attribute_name>Headset</attribute_name><attribute_value> FSA ORBIT 1.5Z SC NO.57SC </attribute_value></attribute> <attribute><attribute_name>Handlebars</attribute_name><attribute_value> LAPIERRE 6061 TOP FLAT W: 720mm Ø: 31.8mm </attribute_value></attribute> <attribute><attribute_name>Grips</attribute_name><attribute_value> LAPIERRE by HERRMANS DD30B </attribute_value></attribute> <attribute><attribute_name>Stem</attribute_name><attribute_value> LAPIERRE ALLOY 3D FORGED 7° Ø: 31.8mm L: 60mm(XS, S) / 70mm (M, L)/ 80mm (XL) </attribute_value></attribute> <attribute><attribute_name>Seat post</attribute_name><attribute_value> LAPIERRE ALLOY Ø: 27.2mm L: 400mm </attribute_value></attribute> <attribute><attribute_name>Saddle</attribute_name><attribute_value> LAPIERRE by VELO </attribute_value></attribute> <attribute><attribute_name>Front hub</attribute_name><attribute_value> SHIMANO MT400 </attribute_value></attribute> <attribute><attribute_name>Rear hub</attribute_name><attribute_value> SHIMANO MT410 - Microspline </attribute_value></attribute> <attribute><attribute_name>Pedals</attribute_name><attribute_value> NW 91K steel cage </attribute_value></attribute> <attribute><attribute_name>Brake discs</attribute_name><attribute_value> SHIMANO SMRT30 180mm / 160mm CENTER LOCK </attribute_value></attribute> <attribute><attribute_name>Front travel</attribute_name><attribute_value> 100 </attribute_value></attribute> <attribute><attribute_name>Sex</attribute_name><attribute_value> UniSex </attribute_value></attribute> <attribute><attribute_name></attribute_name><attribute_value> E140</attribute_value></attribute>"
"LA21PR49"	""	""	"LAPIERRE"	"LAPIERRE PRORACE 4.9 - XL/21\" - FÉRFI MTB KERÉKPÁR"	"Termékkategóriák > KERÉKPÁR > MTB > Hardtail MTB > Férfi > 29\""	"https://speedbike.hu/lapierre-prorace-49-xl21-ferfi-mtb-kerekpar?utm_source=arukereso&utm_medium=cpp&utm_campaign=direct_link"	"529990"	"417315"	"https://speedbike2.cdn.shoprenter.hu/custom/speedbike2/image/cache/w1024h1024m00q100/prorace49kezdo.jpg?v=1702121228"	"<p><p>Fedezze fel a terepversenyzés világát a Lapierre Prorace modellekkel </p> <p>A szabadalmaztatott, könnyű Supreme 5 ötvözetből készült, modern versenygeometriájú váz a Boost szabványú, 29 colos kerekekkel és a gondosan kiválasztott a …(trimmed for fixture)"	""	"5990"	""	"0"	"1"	"<attribute><attribute_name>Category</attribute_name><attribute_value> MTB HARDTAIL </attribute_value></attribute> <attribute><attribute_name>Model year</attribute_name><attribute_value> 2021 </attribute_value></attribute> <attribute><attribute_name>Wheel size</attribute_name><attribute_value> 29 </attribute_value></attribute> <attribute><attribute_name>Frame</attribute_name><attribute_value> PRORACE 29\" SUPREME 5 ALLOY DISC, BOOST, PRESSFIT, THRU AXLE 12x148 INT BRAKE RR </attribute_value></attribute> <attribute><attribute_name>Fork</attribute_name><attribute_value> ROCKSHOX JUDY GOLD RL 15mm SOLO AIR 100mm BOOST + ONELOC </attribute_value></attribute> <attribute><attribute_name>Derailleur</attribute_name><attribute_value> SRAM GX LUNAR Eagle 12spd </attribute_value></attribute> <attribute><attribute_name>Cranks</attribute_name><attribute_value> SRAM SX Eagle 12spd 30T 170mm/32T (S), 175mm/32T (M, L, XL) </attribute_value></attribute> <attribute><attribute_name>Bottom bracket</attribute_name><attribute_value> SRAM DUB PF MTB 92 </attribute_value></attribute> <attribute><attribute_name>Cassette</attribute_name><attribute_value> SRAM Eagle PG1210 11-50 12spd </attribute_value></attribute> <attribute><attribute_name>Chain</attribute_name><attribute_value> SRAM SX Eagle 12spd </attribute_value></attribute> <attribute><attribute_name>Brakes</attribute_name><attribute_value> SHIMANO MT401 WITH J-KIT </attribute_value></attribute> <attribute><attribute_name>Headset</attribute_name><attribute_value> FSA ORBIT 1.5Z SC NO.57SC </attribute_value></attribute> <attribute><attribute_name>Handlebars</attribute_name><attribute_value> LAPIERRE 6061 TOP FLAT W: 720mm Ø: 31.8mm </attribute_value></attribute> <attribute><attribute_name>Grips</attribute_name><attribute_value> PRE FOAM GRIPS </attribute_value></attribute> <attribute><attribute_name>Stem</attribute_name><attribute_value> LAPIERRE ALLOY 3D FORGED 7° Ø: 31.8mm L: 60mm(XS, S) / 70mm (M, L)/ 80mm (XL) </attribute_value></attribute> <attribute><attribute_name>Seat post</attribute_name><attribute_value> LAPIERRE ALLOY Ø: 27.2mm L: 400mm </attribute_value></attribute> <attribute><attribute_name>Saddle</attribute_name><attribute_value> LAPIERRE by VELO </attribute_value></attribute> <attribute><attribute_name>Front hub</attribute_name><attribute_value> SHIMANO HB-MT400-B - CENTER LOCK </attribute_value></attribute> <attribute><attribute_name>Rear hub</attribute_name><attribute_value> SHIMANO FH-MT400-B - CENTER LOCK </attribute_value></attribute> <attribute><attribute_name>Pedals</attribute_name><attribute_value> NW 91K steel cage </attribute_value></attribute> <attribute><attribute_name>Brake discs</attribute_name><attribute_value> SHIMANO SMRT30 180mm / 160mm 6 CENTER LOCK </attribute_value></attribute> <attribute><attribute_name>Front travel</attribute_name><attribute_value> 100 </attribute_value></attribute> <attribute><attribute_name>Sex</attribute_name><attribute_value> UniSex </attribute_value></attribute> <attribute><attribute_name></attribute_name><attribute_value> E142</attribute_value></attribute>"
"cube-804300-L-2025"	"804300"	"4054571455482"	"CUBE"	"CUBE AMS HYBRID ONE44 C:68X SLT 400X 29 CARBON´N´GOLDDUST - 2025 - ÖSSZTELESZKÓPOS MTB ELEKTROMOS KERÉKPÁR - L"	"Termékkategóriák > E-BIKE > Összteleszkópos E-BIKE"	"https://speedbike.hu/cube-ams-hybrid-one44-c68x-slt-400x-29-carbonngolddust-2025-osszteleszkopos-mtb-elektromos-kerekpar-l?utm_source=arukereso&utm_medium=cpp&utm_campaign=direct_link"	"2699990"	"2125976"	"https://speedbike2.cdn.shoprenter.hu/custom/speedbike2/image/cache/w1024h1024m00q100/product/cube2025/804300.jpg?v=1727363721"	"<p>Egy ultrakönnyű, Bosch-üzemű, teljes felfüggesztésű kerékpár építése nem könnyű. Ezért az AMS Hybrid ONE44 C:68X váz a legfejlettebb C:68X® karbon anyagunkat használja, a lehető legnagyobb szilárdság és merevség érdekében, a lehető legki …(trimmed for fixture)"	""	"9990"	""	"0"	"1"	"<attribute><attribute_name>frame</attribute_name><attribute_value>C:68X® Monocoque Advanced Twin Mold Technology, Effiecient Trail Control, FSP 4-Link, Agile Trail Geometry, Boost 148, UDH™, Fixed Integrated Battery, Advanced Internal Cable Routing </attribute_value></attribute> <attribute><attribute_name>color</attribute_name><attribute_value>carbon´n´golddust </attribute_value></attribute> <attribute><attribute_name>size</attribute_name><attribute_value>L </attribute_value></attribute> <attribute><attribute_name>fork</attribute_name><attribute_value>Fox 34 Float Factory FIT GRIP2, Tapered, 15x110mm, 140mm, Kashima Coated </attribute_value></attribute> <attribute><attribute_name>shock</attribute_name><attribute_value>Fox Float Factory, 210x55mm, Adjustable LSC w/ 2-Pos. Lever, Kashima Coated </attribute_value></attribute> <attribute><attribute_name>shock hardware</attribute_name><attribute_value>Front: 30x8mm, Rear: DU-Bushing 12,7mm </attribute_value></attribute> <attribute><attribute_name>headset</attribute_name><attribute_value>ACROS AZF-675, ICR (Integrated Cable Routing), Top Zero-Stack 1 1/2\" (ZS 56mm), Bottom Zero-Stack 1 1/2\" (ZS 56mm), Fiber Inserts for Angle Adjustment </attribute_value></attribute> <attribute><attribute_name>integrated bar/stem</attribute_name><attribute_value>CUBE Stereo Carbon Cockpit System </attribute_value></attribute> <attribute><attribute_name>grips</attribute_name><attribute_value>ACID Disrupt, Soft Compound </attribute_value></attribute> <attribute><attribute_name>rear derailleur</attribute_name><attribute_value>Shimano XTR RD-M9100-SGS, ShadowPlus, 12-Speed </attribute_value></attribute> <attribute><attribute_name>chain guide</attribute_name><attribute_value>Reverse Flip-Guide E-Chain Guide, Direct Mount, I-Plate </attribute_value></attribute> <attribute><attribute_name>shifters</attribute_name><attribute_value>Shimano XTR SL-M9100-I, Direct Attach </attribute_value></attribute> <attribute><attribute_name>brake</attribute_name><attribute_value>Shimano XTR BR-M9100, Hydr. Disc Brake (180/180) </attribute_value></attribute> <attribute><attribute_name>crankset</attribute_name><attribute_value>e*thirteen e*spec Race Carbon Crank, 32T </attribute_value></attribute> <attribute><attribute_name>cassette</attribute_name><attribute_value>Shimano XTR CS-M9101-12, 10-51T </attribute_value></attribute> <attribute><attribute_name>chain</attribute_name><attribute_value>Shimano CN-M9100 </attribute_value></attribute> <attribute><attribute_name>wheelset</attribute_name><attribute_value>Newmen Advanced SL A.30, 28/28 Spokes, 15x110mm/12x148mm, Tubeless Ready  </attribute_value></attribute> <attribute><attribute_name>front tire</attribute_name><attribute_value>Maxxis Rekon Maxxterra/EXO, Tubeless Ready, 2.4 WT </attribute_value></attribute> <attribute><attribute_name>rear tire</attribute_name><attribute_value>Maxxis Rekon Race, EXO, Tubeless Ready, 2.4 WT </attribute_value></attribute> <attribute><attribute_name>pedals</attribute_name><attribute_value> NINCS </attribute_value></attribute> <attribute><attribute_name>saddle</attribute_name><attribute_value>Natural Fit Nuance SLT Carbon </attribute_value></attribute> <attribute><attribute_name>seat post</attribute_name><attribute_value>Fox Transfer SL Factory, 31.6mm, Kashima Coated </attribute_value></attribute> <attribute><attribute_name>seat clamp</attribute_name><attribute_value>CUBE Screwlock, 34.9mm </attribute_value></attribute> <attribute><attribute_name>engine</attribute_name><attribute_value>Bosch Drive Unit Performance SX (55Nm) Cruise (250 Watt), Smart System </attribute_value></attribute> <attribute><attribute_name>battery</attribute_name><attribute_value>Bosch CompactTube 400 </attribute_value></attribute> <attribute><attribute_name>charger</attribute_name><attribute_value>Bosch 4A </attribute_value></attribute> <attribute><attribute_name>remote</attribute_name><attribute_value>Bosch System Control, incl. Mini Remote </attribute_value></attribute> <attribute><attribute_name>weight</attribute_name><attribute_value>16,2 kg</attribute_value></attribute>"
"cube-689350-20-2025"	"689350"	"4054571409966"	"CUBE"	"CUBE CARGO SPORT DUAL HYBRID 1000 FLASHGREY´N´BLACK - 2025 - CARGO ELEKTROMOS KERÉKPÁR - 20\" / 27.5\": ONE SIZE"	"Termékkategóriák > E-BIKE > Cargo E-BIKE"	"https://speedbike.hu/cube-cargo-sport-dual-hybrid-1000-flashgreynblack-2025-cargo-elektromos-kerekpar-20-275-one-size?utm_source=arukereso&utm_medium=cpp&utm_campaign=direct_link"	"2159991"	"1700780"	"https://speedbike2.cdn.shoprenter.hu/custom/speedbike2/image/cache/w1024h1024m00q100/product/cube2025/689350.jpg?v=1727363724"	"<p>A legtöbb kerékpárt úgy tervezték, hogy egy személyt és esetleg egy kis poggyászt tudjon szállítani. A Cargo Hybrid egy másmilyen fenevad, aminek a maximális összsúlya 220kg - így nagyméretű csomagok, vagy akár két gyerkőc biztonságos és …(trimmed for fixture)"	""	"9990"	""	"0"	"1"	"<attribute><attribute_name>color</attribute_name><attribute_value>flashgrey´n´black </attribute_value></attribute> <attribute><attribute_name>size</attribute_name><attribute_value>20\" / 27.5\": ONE SIZE </attribute_value></attribute> <attribute><attribute_name>fork</attribute_name><attribute_value>SR Suntour MOBIE CARGO, 80mm </attribute_value></attribute> <attribute><attribute_name>headset</attribute_name><attribute_value>Cube H835D3, semi-integrated with sealed bearings  and Cane Creek Viscoset </attribute_value></attribute> <attribute><attribute_name>stem</attribute_name><attribute_value>BySchulz Speedlifter Classic </attribute_value></attribute> <attribute><attribute_name>handlebar</attribute_name><attribute_value>CUBE Comfort Trail Bar, 680mm </attribute_value></attribute> <attribute><attribute_name>grips</attribute_name><attribute_value>ACID Travel Comfort </attribute_value></attribute> <attribute><attribute_name>rear derailleur</attribute_name><attribute_value>Shimano Deore RD-M5120-SGS, 10-speed </attribute_value></attribute> <attribute><attribute_name>shifters</attribute_name><attribute_value>Shimano Deore SL-M4100 </attribute_value></attribute> <attribute><attribute_name>brake</attribute_name><attribute_value>Magura CMe, Hydr. Disc Brake (180/203) </attribute_value></attribute> <attribute><attribute_name>crankset</attribute_name><attribute_value>ACID E-Crank, 170mm, 38T </attribute_value></attribute> <attribute><attribute_name>cassette</attribute_name><attribute_value>Shimano Deore CS-M4100, 11-46T </attribute_value></attribute> <attribute><attribute_name>chain</attribute_name><attribute_value>KMC X10 </attribute_value></attribute> <attribute><attribute_name>rims</attribute_name><attribute_value>CUBE EX30, 32H, Disc, Tubeless Ready </attribute_value></attribute> <attribute><attribute_name>front hub</attribute_name><attribute_value>Shimano HB-MT400, 15x100mm , Centerlock </attribute_value></attribute> <attribute><attribute_name>rear hub</attribute_name><attribute_value>Shimano Deore FH-M6000, QR, Centerlock </attribute_value></attribute> <attribute><attribute_name>front tire</attribute_name><attribute_value>Schwalbe Pick-Up, Super Defense, 60-406 </attribute_value></attribute> <attribute><attribute_name>rear tire</attribute_name><attribute_value>Schwalbe Pick-Up, Super Defense, 65-584 </attribute_value></attribute> <attribute><attribute_name>pedals</attribute_name><attribute_value>CUBE PP MTB </attribute_value></attribute> <attribute><attribute_name>saddle</attribute_name><attribute_value>Natural Fit Sequence Comfort </attribute_value></attribute> <attribute><attribute_name>seat post</attribute_name><attribute_value>Newmen Evolution, 30.9mm </attribute_value></attribute> <attribute><attribute_name>seat clamp</attribute_name><attribute_value>CUBE Varioclose, 34.9mm </attribute_value></attribute> <attribute><attribute_name>front light</attribute_name><attribute_value>ACID Front Light PRO-E 110, 5-16V, DC </attribute_value></attribute> <attribute><attribute_name>back light</attribute_name><attribute_value>ACID Mudguard Rear Light PRO-E, 12V, DC </attribute_value></attribute> <attribute><attribute_name>kickstand</attribute_name><attribute_value>Cargo Kickstand </attribute_value></attribute> <attribute><attribute_name>mudguard</attribute_name><attribute_value>ACID 75 </attribute_value></attribute> <attribute><attribute_name>bell</attribute_name><attribute_value>Humpert </attribute_value></attribute> <attribute><attribute_name>engine</attribute_name><attribute_value>Bosch Drive Unit Cargo Line Generation 4 (85Nm) Cruise (250Watt) </attribute_value></attribute> <attribute><attribute_name>battery</attribute_name><attribute_value>Bosch DualBattery 1000 </attribute_value></attribute> <attribute><attribute_name>charger</attribute_name><attribute_value>Bosch 4A </attribute_value></attribute> <attribute><attribute_name>display</attribute_name><attribute_value>Bosch Intuvia </attribute_value></attribute> <attribute><attribute_name>weight</attribute_name><attribute_value>49,5 kg</attribute_value></attribute>"
"cube-689360-20-2025"	"689360"	"4054571409973"	"CUBE"	"CUBE CARGO SPORT DUAL HYBRID 1000 FLASHWHITE´N´BLACK - 2025 - CARGO ELEKTROMOS KERÉKPÁR - 20\" / 27.5\": ONE SIZE"	"Termékkategóriák > E-BIKE > Cargo E-BIKE"	"https://speedbike.hu/cube-cargo-sport-dual-hybrid-1000-flashwhitenblack-2025-cargo-elektromos-kerekpar-20-275-one-size?utm_source=arukereso&utm_medium=cpp&utm_campaign=direct_link"	"2159991"	"1700780"	"https://speedbike2.cdn.shoprenter.hu/custom/speedbike2/image/cache/w1024h1024m00q100/product/cube2025/689360.jpg?v=1727363724"	"<p>A legtöbb kerékpárt úgy tervezték, hogy egy személyt és esetleg egy kis poggyászt tudjon szállítani. A Cargo Hybrid egy másmilyen fenevad, aminek a maximális összsúlya 220kg - így nagyméretű csomagok, vagy akár két gyerkőc biztonságos és …(trimmed for fixture)"	""	"9990"	""	"0"	"1"	"<attribute><attribute_name>color</attribute_name><attribute_value>flashwhite´n´black </attribute_value></attribute> <attribute><attribute_name>size</attribute_name><attribute_value>20\" / 27.5\": ONE SIZE </attribute_value></attribute> <attribute><attribute_name>fork</attribute_name><attribute_value>SR Suntour MOBIE CARGO, 80mm </attribute_value></attribute> <attribute><attribute_name>headset</attribute_name><attribute_value>Cube H835D3, semi-integrated with sealed bearings  and Cane Creek Viscoset </attribute_value></attribute> <attribute><attribute_name>stem</attribute_name><attribute_value>BySchulz Speedlifter Classic </attribute_value></attribute> <attribute><attribute_name>handlebar</attribute_name><attribute_value>CUBE Comfort Trail Bar, 680mm </attribute_value></attribute> <attribute><attribute_name>grips</attribute_name><attribute_value>ACID Travel Comfort </attribute_value></attribute> <attribute><attribute_name>rear derailleur</attribute_name><attribute_value>Shimano Deore RD-M5120-SGS, 10-speed </attribute_value></attribute> <attribute><attribute_name>shifters</attribute_name><attribute_value>Shimano Deore SL-M4100 </attribute_value></attribute> <attribute><attribute_name>brake</attribute_name><attribute_value>Magura CMe, Hydr. Disc Brake (180/203) </attribute_value></attribute> <attribute><attribute_name>crankset</attribute_name><attribute_value>ACID E-Crank, 170mm, 38T </attribute_value></attribute> <attribute><attribute_name>cassette</attribute_name><attribute_value>Shimano Deore CS-M4100, 11-46T </attribute_value></attribute> <attribute><attribute_name>chain</attribute_name><attribute_value>KMC X10 </attribute_value></attribute> <attribute><attribute_name>rims</attribute_name><attribute_value>CUBE EX30, 32H, Disc, Tubeless Ready </attribute_value></attribute> <attribute><attribute_name>front hub</attribute_name><attribute_value>Shimano HB-MT400, 15x100mm , Centerlock </attribute_value></attribute> <attribute><attribute_name>rear hub</attribute_name><attribute_value>Shimano Deore FH-M6000, QR, Centerlock </attribute_value></attribute> <attribute><attribute_name>front tire</attribute_name><attribute_value>Schwalbe Pick-Up, Super Defense, 60-406 </attribute_value></attribute> <attribute><attribute_name>rear tire</attribute_name><attribute_value>Schwalbe Pick-Up, Super Defense, 65-584 </attribute_value></attribute> <attribute><attribute_name>pedals</attribute_name><attribute_value>CUBE PP MTB </attribute_value></attribute> <attribute><attribute_name>saddle</attribute_name><attribute_value>Natural Fit Sequence Comfort </attribute_value></attribute> <attribute><attribute_name>seat post</attribute_name><attribute_value>Newmen Evolution, 30.9mm </attribute_value></attribute> <attribute><attribute_name>seat clamp</attribute_name><attribute_value>CUBE Varioclose, 34.9mm </attribute_value></attribute> <attribute><attribute_name>front light</attribute_name><attribute_value>ACID Front Light PRO-E 110, 5-16V, DC </attribute_value></attribute> <attribute><attribute_name>back light</attribute_name><attribute_value>ACID Mudguard Rear Light PRO-E, 12V, DC </attribute_value></attribute> <attribute><attribute_name>kickstand</attribute_name><attribute_value>Cargo Kickstand </attribute_value></attribute> <attribute><attribute_name>mudguard</attribute_name><attribute_value>ACID 75 </attribute_value></attribute> <attribute><attribute_name>bell</attribute_name><attribute_value>Humpert </attribute_value></attribute> <attribute><attribute_name>engine</attribute_name><attribute_value>Bosch Drive Unit Cargo Line Generation 4 (85Nm) Cruise (250Watt) </attribute_value></attribute> <attribute><attribute_name>battery</attribute_name><attribute_value>Bosch DualBattery 1000 </attribute_value></attribute> <attribute><attribute_name>charger</attribute_name><attribute_value>Bosch 4A </attribute_value></attribute> <attribute><attribute_name>display</attribute_name><attribute_value>Bosch Intuvia </attribute_value></attribute> <attribute><attribute_name>weight</attribute_name><attribute_value>49,5 kg</attribute_value></attribute>"
